Trial,Event,Value,Timestamp
0,NTrials,50,2024-04-02T15:13:13.5025408+01:00
0,StimSize,20,2024-04-02T15:13:13.5026048+01:00
0,StimSpatialFreq,0.1,2024-04-02T15:13:13.5026560+01:00
0,StimDuration,0.5,2024-04-02T15:13:13.5027072+01:00
0,PictureFileName,picture\ILSVRC2017_test_00005206_normalized.JPEG,2024-04-02T15:13:13.5028096+01:00
0,PictureFileName,picture\ILSVRC2017_test_00005234_normalized.JPEG,2024-04-02T15:13:13.5028096+01:00
0,PictureFileName,picture\ILSVRC2017_test_00005237_normalized.JPEG,2024-04-02T15:13:13.5028096+01:00
0,PictureFileName,picture\ILSVRC2017_test_00005238_normalized.JPEG,2024-04-02T15:13:13.5028096+01:00
0,PictureFileName,picture\ILSVRC2017_test_00005268_normalized.JPEG,2024-04-02T15:13:13.5028096+01:00
0,PictureFileName,picture\ILSVRC2017_test_00005274_normalized.JPEG,2024-04-02T15:13:13.5028096+01:00
0,PictureFileName,picture\ILSVRC2017_test_00005338_normalized.JPEG,2024-04-02T15:13:13.5028224+01:00
0,PictureFileName,picture\ILSVRC2017_test_00005357_normalized.JPEG,2024-04-02T15:13:13.5028224+01:00
0,PictureFileName,picture\ILSVRC2017_test_00005393_normalized.JPEG,2024-04-02T15:13:13.5028224+01:00
0,PictureFileName,picture\ILSVRC2017_test_00005396_normalized.JPEG,2024-04-02T15:13:13.5028224+01:00
0,ITITimes,1,2024-04-02T15:13:13.5037824+01:00
0,ITITimes,1,2024-04-02T15:13:13.5037952+01:00
0,ITITimes,1.1,2024-04-02T15:13:13.5037952+01:00
0,ITITimes,1.1,2024-04-02T15:13:13.5038080+01:00
0,ITITimes,1.2,2024-04-02T15:13:13.5038080+01:00
0,ITITimes,1.2,2024-04-02T15:13:13.5038080+01:00
0,ITITimes,1.3,2024-04-02T15:13:13.5038080+01:00
0,ITITimes,1.3,2024-04-02T15:13:13.5038080+01:00
0,ITITimes,1.4,2024-04-02T15:13:13.5038080+01:00
0,ITITimes,1.4,2024-04-02T15:13:13.5038208+01:00
0,ITITimes,1.5,2024-04-02T15:13:13.5038208+01:00
0,ITITimes,1.5,2024-04-02T15:13:13.5038208+01:00
0,ITITimes,1.6,2024-04-02T15:13:13.5038208+01:00
0,ITITimes,1.6,2024-04-02T15:13:13.5038208+01:00
0,ITITimes,1.7,2024-04-02T15:13:13.5038208+01:00
0,ITITimes,1.7,2024-04-02T15:13:13.5038208+01:00
0,ITITimes,1.8,2024-04-02T15:13:13.5038208+01:00
0,ITITimes,1.8,2024-04-02T15:13:13.5038336+01:00
0,ITITimes,1.9,2024-04-02T15:13:13.5038336+01:00
0,ITITimes,1.9,2024-04-02T15:13:13.5038336+01:00
0,ITITimes,2,2024-04-02T15:13:13.5038336+01:00
0,ITITimes,2,2024-04-02T15:13:13.5038336+01:00
1,PictureID,6,2024-04-02T15:13:13.7772288+01:00
1,TrialITI,1.5,2024-04-02T15:13:13.7773440+01:00
1,StimOn,1,2024-04-02T15:13:15.2778112+01:00
1,StimOn,0,2024-04-02T15:13:16.2718976+01:00
1,PictureID,9,2024-04-02T15:13:16.2721408+01:00
1,TrialITI,1.1,2024-04-02T15:13:16.2722432+01:00
1,StimOn,1,2024-04-02T15:13:17.3784320+01:00
1,StimOn,0,2024-04-02T15:13:18.3721344+01:00
1,PictureID,2,2024-04-02T15:13:18.3723136+01:00
1,TrialITI,1.5,2024-04-02T15:13:18.3724032+01:00
1,StimOn,1,2024-04-02T15:13:19.8954880+01:00
1,StimOn,0,2024-04-02T15:13:20.8891136+01:00
1,PictureID,3,2024-04-02T15:13:20.8892928+01:00
1,TrialITI,1.4,2024-04-02T15:13:20.8893824+01:00
1,StimOn,1,2024-04-02T15:13:22.2957568+01:00
1,StimOn,0,2024-04-02T15:13:23.2894336+01:00
1,PictureID,8,2024-04-02T15:13:23.2896768+01:00
1,TrialITI,1.2,2024-04-02T15:13:23.2897664+01:00
1,StimOn,1,2024-04-02T15:13:24.4960896+01:00
1,StimOn,0,2024-04-02T15:13:25.4896896+01:00
1,PictureID,1,2024-04-02T15:13:25.4898688+01:00
1,TrialITI,1.7,2024-04-02T15:13:25.4899584+01:00
1,StimOn,1,2024-04-02T15:13:27.2137984+01:00
1,StimOn,0,2024-04-02T15:13:28.2067072+01:00
1,PictureID,4,2024-04-02T15:13:28.2068864+01:00
1,TrialITI,1.1,2024-04-02T15:13:28.2069760+01:00
1,StimOn,1,2024-04-02T15:13:29.3141888+01:00
1,StimOn,0,2024-04-02T15:13:30.3069952+01:00
1,PictureID,0,2024-04-02T15:13:30.3072384+01:00
1,TrialITI,1.9,2024-04-02T15:13:30.3073536+01:00
1,StimOn,1,2024-04-02T15:13:32.2316160+01:00
1,StimOn,0,2024-04-02T15:13:33.2240000+01:00
1,PictureID,5,2024-04-02T15:13:33.2241792+01:00
1,TrialITI,1.6,2024-04-02T15:13:33.2242688+01:00
1,StimOn,1,2024-04-02T15:13:34.8486144+01:00
1,StimOn,0,2024-04-02T15:13:35.8409856+01:00
1,PictureID,7,2024-04-02T15:13:35.8411776+01:00
1,TrialITI,1.2,2024-04-02T15:13:35.8412672+01:00
1,StimOn,1,2024-04-02T15:13:37.0489216+01:00
1,StimOn,0,2024-04-02T15:13:38.0412672+01:00
2,PictureID,4,2024-04-02T15:13:38.0416384+01:00
2,TrialITI,1.4,2024-04-02T15:13:38.0417152+01:00
2,StimOn,1,2024-04-02T15:13:39.4492160+01:00
2,StimOn,0,2024-04-02T15:13:40.4415616+01:00
2,PictureID,9,2024-04-02T15:13:40.4417536+01:00
2,TrialITI,1,2024-04-02T15:13:40.4418560+01:00
2,StimOn,1,2024-04-02T15:13:41.4494720+01:00
2,StimOn,0,2024-04-02T15:13:42.4418048+01:00
2,PictureID,7,2024-04-02T15:13:42.4419840+01:00
2,TrialITI,1.7,2024-04-02T15:13:42.4428032+01:00
2,StimOn,1,2024-04-02T15:13:44.1665664+01:00
2,StimOn,0,2024-04-02T15:13:45.1588096+01:00
2,PictureID,8,2024-04-02T15:13:45.1590016+01:00
2,TrialITI,1.8,2024-04-02T15:13:45.1590912+01:00
2,StimOn,1,2024-04-02T15:13:46.9835648+01:00
2,StimOn,0,2024-04-02T15:13:47.9758464+01:00
2,PictureID,3,2024-04-02T15:13:47.9760896+01:00
2,TrialITI,1.4,2024-04-02T15:13:47.9762048+01:00
2,StimOn,1,2024-04-02T15:13:49.3839232+01:00
2,StimOn,0,2024-04-02T15:13:50.3761152+01:00
2,PictureID,1,2024-04-02T15:13:50.3762944+01:00
2,TrialITI,1.6,2024-04-02T15:13:50.3763840+01:00
2,StimOn,1,2024-04-02T15:13:52.0009472+01:00
2,StimOn,0,2024-04-02T15:13:52.9931264+01:00
2,PictureID,2,2024-04-02T15:13:52.9933056+01:00
2,TrialITI,1.8,2024-04-02T15:13:52.9933952+01:00
2,StimOn,1,2024-04-02T15:13:54.8180224+01:00
2,StimOn,0,2024-04-02T15:13:55.8101376+01:00
2,PictureID,6,2024-04-02T15:13:55.8103040+01:00
2,TrialITI,1.1,2024-04-02T15:13:55.8103808+01:00
2,StimOn,1,2024-04-02T15:13:56.9183488+01:00
2,StimOn,0,2024-04-02T15:13:57.9104000+01:00
2,PictureID,5,2024-04-02T15:13:57.9106048+01:00
2,TrialITI,1.3,2024-04-02T15:13:57.9107072+01:00
2,StimOn,1,2024-04-02T15:13:59.2186112+01:00
2,StimOn,0,2024-04-02T15:14:00.2106880+01:00
2,PictureID,0,2024-04-02T15:14:00.2108672+01:00
2,TrialITI,1.3,2024-04-02T15:14:00.2109696+01:00
2,StimOn,1,2024-04-02T15:14:01.5190144+01:00
2,StimOn,0,2024-04-02T15:14:02.5109760+01:00
3,PictureID,0,2024-04-02T15:14:02.5118976+01:00
3,TrialITI,1.4,2024-04-02T15:14:02.5119872+01:00
3,StimOn,1,2024-04-02T15:14:03.9195776+01:00
3,StimOn,0,2024-04-02T15:14:04.9112704+01:00
3,PictureID,7,2024-04-02T15:14:04.9114496+01:00
3,TrialITI,1.3,2024-04-02T15:14:04.9115264+01:00
3,StimOn,1,2024-04-02T15:14:06.2201216+01:00
3,StimOn,0,2024-04-02T15:14:07.2115584+01:00
3,PictureID,5,2024-04-02T15:14:07.2117376+01:00
3,TrialITI,1.9,2024-04-02T15:14:07.2118272+01:00
3,StimOn,1,2024-04-02T15:14:09.1376000+01:00
3,StimOn,0,2024-04-02T15:14:10.1286016+01:00
3,PictureID,6,2024-04-02T15:14:10.1290240+01:00
3,TrialITI,1,2024-04-02T15:14:10.1293184+01:00
3,StimOn,1,2024-04-02T15:14:11.1378560+01:00
3,StimOn,0,2024-04-02T15:14:12.1288448+01:00
3,PictureID,3,2024-04-02T15:14:12.1290496+01:00
3,TrialITI,1.6,2024-04-02T15:14:12.1291392+01:00
3,StimOn,1,2024-04-02T15:14:13.7548544+01:00
3,StimOn,0,2024-04-02T15:14:14.7458304+01:00
3,PictureID,1,2024-04-02T15:14:14.7460096+01:00
3,TrialITI,1,2024-04-02T15:14:14.7460864+01:00
3,StimOn,1,2024-04-02T15:14:15.7551744+01:00
3,StimOn,0,2024-04-02T15:14:16.7460736+01:00
3,PictureID,2,2024-04-02T15:14:16.7462528+01:00
3,TrialITI,1,2024-04-02T15:14:16.7463424+01:00
3,StimOn,1,2024-04-02T15:14:17.7559040+01:00
3,StimOn,0,2024-04-02T15:14:18.7463296+01:00
3,PictureID,8,2024-04-02T15:14:18.7465216+01:00
3,TrialITI,1.7,2024-04-02T15:14:18.7465984+01:00
3,StimOn,1,2024-04-02T15:14:20.4730880+01:00
3,StimOn,0,2024-04-02T15:14:21.4633344+01:00
3,PictureID,9,2024-04-02T15:14:21.4635264+01:00
3,TrialITI,1.1,2024-04-02T15:14:21.4636160+01:00
3,StimOn,1,2024-04-02T15:14:22.5734784+01:00
3,StimOn,0,2024-04-02T15:14:23.5635968+01:00
3,PictureID,4,2024-04-02T15:14:23.5637760+01:00
3,TrialITI,1.5,2024-04-02T15:14:23.5638656+01:00
3,StimOn,1,2024-04-02T15:14:25.0905088+01:00
3,StimOn,0,2024-04-02T15:14:26.0805888+01:00
4,PictureID,8,2024-04-02T15:14:26.0811648+01:00
4,TrialITI,1.2,2024-04-02T15:14:26.0813056+01:00
4,StimOn,1,2024-04-02T15:14:27.2907776+01:00
4,StimOn,0,2024-04-02T15:14:28.2808448+01:00
4,PictureID,7,2024-04-02T15:14:28.2810624+01:00
4,TrialITI,1.9,2024-04-02T15:14:28.2811904+01:00
4,StimOn,1,2024-04-02T15:14:30.2078208+01:00
4,StimOn,0,2024-04-02T15:14:31.1978752+01:00
4,PictureID,6,2024-04-02T15:14:31.1980544+01:00
4,TrialITI,1.4,2024-04-02T15:14:31.1981312+01:00
4,StimOn,1,2024-04-02T15:14:32.6081536+01:00
4,StimOn,0,2024-04-02T15:14:33.5981696+01:00
4,PictureID,0,2024-04-02T15:14:33.5983360+01:00
4,TrialITI,1.5,2024-04-02T15:14:33.5984128+01:00
4,StimOn,1,2024-04-02T15:14:35.1252096+01:00
4,StimOn,0,2024-04-02T15:14:36.1151616+01:00
4,PictureID,5,2024-04-02T15:14:36.1153536+01:00
4,TrialITI,1.5,2024-04-02T15:14:36.1154432+01:00
4,StimOn,1,2024-04-02T15:14:37.6433024+01:00
4,StimOn,0,2024-04-02T15:14:38.6321408+01:00
4,PictureID,1,2024-04-02T15:14:38.6323456+01:00
4,TrialITI,1.7,2024-04-02T15:14:38.6324352+01:00
4,StimOn,1,2024-04-02T15:14:40.3603584+01:00
4,StimOn,0,2024-04-02T15:14:41.3491328+01:00
4,PictureID,9,2024-04-02T15:14:41.3493376+01:00
4,TrialITI,1.8,2024-04-02T15:14:41.3494400+01:00
4,StimOn,1,2024-04-02T15:14:43.1775872+01:00
4,StimOn,0,2024-04-02T15:14:44.1661568+01:00
4,PictureID,4,2024-04-02T15:14:44.1663488+01:00
4,TrialITI,1.7,2024-04-02T15:14:44.1664512+01:00
4,StimOn,1,2024-04-02T15:14:45.8946944+01:00
4,StimOn,0,2024-04-02T15:14:46.8831616+01:00
4,PictureID,3,2024-04-02T15:14:46.8833664+01:00
4,TrialITI,1.1,2024-04-02T15:14:46.8834688+01:00
4,StimOn,1,2024-04-02T15:14:47.9950464+01:00
4,StimOn,0,2024-04-02T15:14:48.9834240+01:00
4,PictureID,2,2024-04-02T15:14:48.9836160+01:00
4,TrialITI,1,2024-04-02T15:14:48.9837056+01:00
4,StimOn,1,2024-04-02T15:14:49.9953408+01:00
4,StimOn,0,2024-04-02T15:14:50.9836672+01:00
5,PictureID,4,2024-04-02T15:14:50.9840384+01:00
5,TrialITI,1.4,2024-04-02T15:14:50.9841280+01:00
5,StimOn,1,2024-04-02T15:14:52.3992576+01:00
5,StimOn,0,2024-04-02T15:14:53.3839616+01:00
5,PictureID,1,2024-04-02T15:14:53.3841408+01:00
5,TrialITI,1.6,2024-04-02T15:14:53.3842176+01:00
5,StimOn,1,2024-04-02T15:14:55.0162944+01:00
5,StimOn,0,2024-04-02T15:14:56.0009728+01:00
5,PictureID,6,2024-04-02T15:14:56.0012160+01:00
5,TrialITI,1.7,2024-04-02T15:14:56.0013440+01:00
5,StimOn,1,2024-04-02T15:14:57.7334400+01:00
5,StimOn,0,2024-04-02T15:14:58.7179648+01:00
5,PictureID,7,2024-04-02T15:14:58.7181440+01:00
5,TrialITI,1.7,2024-04-02T15:14:58.7182464+01:00
5,StimOn,1,2024-04-02T15:15:00.4505984+01:00
5,StimOn,0,2024-04-02T15:15:01.4350208+01:00
5,PictureID,3,2024-04-02T15:15:01.4352768+01:00
5,TrialITI,1.8,2024-04-02T15:15:01.4354304+01:00
5,StimOn,1,2024-04-02T15:15:03.2681856+01:00
5,StimOn,0,2024-04-02T15:15:04.2520192+01:00
5,PictureID,9,2024-04-02T15:15:04.2521984+01:00
5,TrialITI,1.4,2024-04-02T15:15:04.2522752+01:00
5,StimOn,1,2024-04-02T15:15:05.6685184+01:00
5,StimOn,0,2024-04-02T15:15:06.6524032+01:00
5,PictureID,2,2024-04-02T15:15:06.6525824+01:00
5,TrialITI,1.1,2024-04-02T15:15:06.6526592+01:00
5,StimOn,1,2024-04-02T15:15:07.7688832+01:00
5,StimOn,0,2024-04-02T15:15:08.7529472+01:00
5,PictureID,8,2024-04-02T15:15:08.7531392+01:00
5,TrialITI,1.6,2024-04-02T15:15:08.7532416+01:00
5,StimOn,1,2024-04-02T15:15:10.3859200+01:00
5,StimOn,0,2024-04-02T15:15:11.3699328+01:00
5,PictureID,0,2024-04-02T15:15:11.3700992+01:00
5,TrialITI,1.3,2024-04-02T15:15:11.3701760+01:00
5,StimOn,1,2024-04-02T15:15:12.6863616+01:00
5,StimOn,0,2024-04-02T15:15:13.6698240+01:00
5,PictureID,5,2024-04-02T15:15:13.6700032+01:00
5,TrialITI,1.5,2024-04-02T15:15:13.6701056+01:00
5,StimOn,1,2024-04-02T15:15:15.1873792+01:00
5,StimOn,0,2024-04-02T15:15:16.1868032+01:00
6,PictureID,2,2024-04-02T15:15:16.1871744+01:00
6,TrialITI,1.7,2024-04-02T15:15:16.1872512+01:00
6,StimOn,1,2024-04-02T15:15:17.9043840+01:00
6,StimOn,0,2024-04-02T15:15:18.9038208+01:00
6,PictureID,0,2024-04-02T15:15:18.9040384+01:00
6,TrialITI,1.4,2024-04-02T15:15:18.9041280+01:00
6,StimOn,1,2024-04-02T15:15:20.3047424+01:00
6,StimOn,0,2024-04-02T15:15:21.3041152+01:00
6,PictureID,7,2024-04-02T15:15:21.3042816+01:00
6,TrialITI,1.7,2024-04-02T15:15:21.3043712+01:00
6,StimOn,1,2024-04-02T15:15:23.0217728+01:00
6,StimOn,0,2024-04-02T15:15:24.0211200+01:00
6,PictureID,1,2024-04-02T15:15:24.0212992+01:00
6,TrialITI,1.9,2024-04-02T15:15:24.0213888+01:00
6,StimOn,1,2024-04-02T15:15:25.9388928+01:00
6,StimOn,0,2024-04-02T15:15:26.9381504+01:00
6,PictureID,4,2024-04-02T15:15:26.9383296+01:00
6,TrialITI,1.8,2024-04-02T15:15:26.9384064+01:00
6,StimOn,1,2024-04-02T15:15:28.7559424+01:00
6,StimOn,0,2024-04-02T15:15:29.7551616+01:00
6,PictureID,9,2024-04-02T15:15:29.7553408+01:00
6,TrialITI,1,2024-04-02T15:15:29.7554304+01:00
6,StimOn,1,2024-04-02T15:15:30.7562112+01:00
6,StimOn,0,2024-04-02T15:15:31.7554048+01:00
6,PictureID,5,2024-04-02T15:15:31.7555840+01:00
6,TrialITI,1.9,2024-04-02T15:15:31.7568384+01:00
6,StimOn,1,2024-04-02T15:15:33.6738944+01:00
6,StimOn,0,2024-04-02T15:15:34.6724352+01:00
6,PictureID,6,2024-04-02T15:15:34.6726272+01:00
6,TrialITI,1.3,2024-04-02T15:15:34.6727040+01:00
6,StimOn,1,2024-04-02T15:15:35.9744640+01:00
6,StimOn,0,2024-04-02T15:15:36.9727360+01:00
6,PictureID,3,2024-04-02T15:15:36.9729664+01:00
6,TrialITI,1.9,2024-04-02T15:15:36.9730688+01:00
6,StimOn,1,2024-04-02T15:15:38.8915584+01:00
6,StimOn,0,2024-04-02T15:15:39.8897664+01:00
6,PictureID,8,2024-04-02T15:15:39.8899840+01:00
6,TrialITI,1.5,2024-04-02T15:15:39.8900736+01:00
6,StimOn,1,2024-04-02T15:15:41.4086528+01:00
6,StimOn,0,2024-04-02T15:15:42.4067328+01:00
7,PictureID,0,2024-04-02T15:15:42.4070912+01:00
7,TrialITI,1.4,2024-04-02T15:15:42.4071680+01:00
7,StimOn,1,2024-04-02T15:15:43.8095360+01:00
7,StimOn,0,2024-04-02T15:15:44.8070400+01:00
7,PictureID,9,2024-04-02T15:15:44.8072064+01:00
7,TrialITI,1.1,2024-04-02T15:15:44.8072960+01:00
7,StimOn,1,2024-04-02T15:15:45.9098112+01:00
7,StimOn,0,2024-04-02T15:15:46.9073152+01:00
7,PictureID,5,2024-04-02T15:15:46.9075840+01:00
7,TrialITI,1.4,2024-04-02T15:15:46.9076992+01:00
7,StimOn,1,2024-04-02T15:15:48.3102080+01:00
7,StimOn,0,2024-04-02T15:15:49.3075968+01:00
7,PictureID,4,2024-04-02T15:15:49.3077760+01:00
7,TrialITI,1.5,2024-04-02T15:15:49.3078528+01:00
7,StimOn,1,2024-04-02T15:15:50.8272256+01:00
7,StimOn,0,2024-04-02T15:15:51.8245760+01:00
7,PictureID,2,2024-04-02T15:15:51.8247424+01:00
7,TrialITI,1.1,2024-04-02T15:15:51.8248320+01:00
7,StimOn,1,2024-04-02T15:15:52.9275008+01:00
7,StimOn,0,2024-04-02T15:15:53.9248384+01:00
7,PictureID,6,2024-04-02T15:15:53.9250560+01:00
7,TrialITI,1.7,2024-04-02T15:15:53.9251584+01:00
7,StimOn,1,2024-04-02T15:15:55.6445568+01:00
7,StimOn,0,2024-04-02T15:15:56.6418432+01:00
7,PictureID,8,2024-04-02T15:15:56.6420096+01:00
7,TrialITI,1.2,2024-04-02T15:15:56.6420864+01:00
7,StimOn,1,2024-04-02T15:15:57.8449408+01:00
7,StimOn,0,2024-04-02T15:15:58.8421248+01:00
7,PictureID,3,2024-04-02T15:15:58.8423168+01:00
7,TrialITI,1.2,2024-04-02T15:15:58.8424064+01:00
7,StimOn,1,2024-04-02T15:16:00.0460800+01:00
7,StimOn,0,2024-04-02T15:16:01.0424064+01:00
7,PictureID,7,2024-04-02T15:16:01.0426112+01:00
7,TrialITI,1.2,2024-04-02T15:16:01.0427008+01:00
7,StimOn,1,2024-04-02T15:16:02.2472704+01:00
7,StimOn,0,2024-04-02T15:16:03.2426752+01:00
7,PictureID,1,2024-04-02T15:16:03.2428544+01:00
7,TrialITI,1.1,2024-04-02T15:16:03.2429440+01:00
7,StimOn,1,2024-04-02T15:16:04.3486848+01:00
7,StimOn,0,2024-04-02T15:16:05.3429376+01:00
8,PictureID,6,2024-04-02T15:16:05.3433088+01:00
8,TrialITI,1,2024-04-02T15:16:05.3433984+01:00
8,StimOn,1,2024-04-02T15:16:06.3490304+01:00
8,StimOn,0,2024-04-02T15:16:07.3431808+01:00
8,PictureID,7,2024-04-02T15:16:07.3433856+01:00
8,TrialITI,2,2024-04-02T15:16:07.3435008+01:00
8,StimOn,1,2024-04-02T15:16:09.3664640+01:00
8,StimOn,0,2024-04-02T15:16:10.3602176+01:00
8,PictureID,3,2024-04-02T15:16:10.3603840+01:00
8,TrialITI,1,2024-04-02T15:16:10.3604736+01:00
8,StimOn,1,2024-04-02T15:16:11.3670400+01:00
8,StimOn,0,2024-04-02T15:16:12.3604736+01:00
8,PictureID,4,2024-04-02T15:16:12.3606528+01:00
8,TrialITI,1.6,2024-04-02T15:16:12.3607424+01:00
8,StimOn,1,2024-04-02T15:16:13.9842944+01:00
8,StimOn,0,2024-04-02T15:16:14.9776640+01:00
8,PictureID,1,2024-04-02T15:16:14.9781632+01:00
8,TrialITI,1.2,2024-04-02T15:16:14.9782528+01:00
8,StimOn,1,2024-04-02T15:16:16.1847040+01:00
8,StimOn,0,2024-04-02T15:16:17.1777408+01:00
8,PictureID,5,2024-04-02T15:16:17.1779328+01:00
8,TrialITI,2,2024-04-02T15:16:17.1780224+01:00
8,StimOn,1,2024-04-02T15:16:19.2017920+01:00
8,StimOn,0,2024-04-02T15:16:20.1947904+01:00
8,PictureID,8,2024-04-02T15:16:20.1949696+01:00
8,TrialITI,2,2024-04-02T15:16:20.1950592+01:00
8,StimOn,1,2024-04-02T15:16:22.2190720+01:00
8,StimOn,0,2024-04-02T15:16:23.2118272+01:00
8,PictureID,2,2024-04-02T15:16:23.2120064+01:00
8,TrialITI,2,2024-04-02T15:16:23.2121088+01:00
8,StimOn,1,2024-04-02T15:16:25.2360960+01:00
8,StimOn,0,2024-04-02T15:16:26.2288512+01:00
8,PictureID,0,2024-04-02T15:16:26.2290304+01:00
8,TrialITI,1.6,2024-04-02T15:16:26.2291328+01:00
8,StimOn,1,2024-04-02T15:16:27.8532224+01:00
8,StimOn,0,2024-04-02T15:16:28.8458624+01:00
8,PictureID,9,2024-04-02T15:16:28.8460544+01:00
8,TrialITI,1.3,2024-04-02T15:16:28.8461440+01:00
8,StimOn,1,2024-04-02T15:16:30.1535360+01:00
8,StimOn,0,2024-04-02T15:16:31.1461504+01:00
9,PictureID,5,2024-04-02T15:16:31.1465216+01:00
9,TrialITI,2,2024-04-02T15:16:31.1466112+01:00
9,StimOn,1,2024-04-02T15:16:33.1706752+01:00
9,StimOn,0,2024-04-02T15:16:34.1631744+01:00
9,PictureID,8,2024-04-02T15:16:34.1633408+01:00
9,TrialITI,1.8,2024-04-02T15:16:34.1634304+01:00
9,StimOn,1,2024-04-02T15:16:35.9878656+01:00
9,StimOn,0,2024-04-02T15:16:36.9801984+01:00
9,PictureID,4,2024-04-02T15:16:36.9803904+01:00
9,TrialITI,1.1,2024-04-02T15:16:36.9804800+01:00
9,StimOn,1,2024-04-02T15:16:38.0882560+01:00
9,StimOn,0,2024-04-02T15:16:39.0804608+01:00
9,PictureID,6,2024-04-02T15:16:39.0806528+01:00
9,TrialITI,1.3,2024-04-02T15:16:39.0807296+01:00
9,StimOn,1,2024-04-02T15:16:40.3894272+01:00
9,StimOn,0,2024-04-02T15:16:41.3807488+01:00
9,PictureID,1,2024-04-02T15:16:41.3816704+01:00
9,TrialITI,1.9,2024-04-02T15:16:41.3817472+01:00
9,StimOn,1,2024-04-02T15:16:43.3066240+01:00
9,StimOn,0,2024-04-02T15:16:44.2977792+01:00
9,PictureID,3,2024-04-02T15:16:44.2979712+01:00
9,TrialITI,1.7,2024-04-02T15:16:44.2980480+01:00
9,StimOn,1,2024-04-02T15:16:46.0236544+01:00
9,StimOn,0,2024-04-02T15:16:47.0147968+01:00
9,PictureID,7,2024-04-02T15:16:47.0150272+01:00
9,TrialITI,1.7,2024-04-02T15:16:47.0151168+01:00
9,StimOn,1,2024-04-02T15:16:48.7406976+01:00
9,StimOn,0,2024-04-02T15:16:49.7317888+01:00
9,PictureID,0,2024-04-02T15:16:49.7319808+01:00
9,TrialITI,2,2024-04-02T15:16:49.7320704+01:00
9,StimOn,1,2024-04-02T15:16:51.7579264+01:00
9,StimOn,0,2024-04-02T15:16:52.7488384+01:00
9,PictureID,9,2024-04-02T15:16:52.7490176+01:00
9,TrialITI,2,2024-04-02T15:16:52.7491072+01:00
9,StimOn,1,2024-04-02T15:16:54.7751936+01:00
9,StimOn,0,2024-04-02T15:16:55.7658752+01:00
9,PictureID,2,2024-04-02T15:16:55.7660672+01:00
9,TrialITI,1.9,2024-04-02T15:16:55.7661568+01:00
9,StimOn,1,2024-04-02T15:16:57.6924160+01:00
9,StimOn,0,2024-04-02T15:16:58.6829056+01:00
10,PictureID,4,2024-04-02T15:16:58.6834176+01:00
10,TrialITI,1.8,2024-04-02T15:16:58.6835072+01:00
10,StimOn,1,2024-04-02T15:17:00.5095296+01:00
10,StimOn,0,2024-04-02T15:17:01.4999296+01:00
10,PictureID,6,2024-04-02T15:17:01.5001088+01:00
10,TrialITI,1.9,2024-04-02T15:17:01.5001984+01:00
10,StimOn,1,2024-04-02T15:17:03.4266496+01:00
10,StimOn,0,2024-04-02T15:17:04.4169472+01:00
10,PictureID,3,2024-04-02T15:17:04.4171520+01:00
10,TrialITI,1,2024-04-02T15:17:04.4172416+01:00
10,StimOn,1,2024-04-02T15:17:05.4270592+01:00
10,StimOn,0,2024-04-02T15:17:06.4172032+01:00
10,PictureID,8,2024-04-02T15:17:06.4173952+01:00
10,TrialITI,1.6,2024-04-02T15:17:06.4174720+01:00
10,StimOn,1,2024-04-02T15:17:08.0441344+01:00
10,StimOn,0,2024-04-02T15:17:09.0341888+01:00
10,PictureID,2,2024-04-02T15:17:09.0343808+01:00
10,TrialITI,2,2024-04-02T15:17:09.0344576+01:00
10,StimOn,1,2024-04-02T15:17:11.0615424+01:00
10,StimOn,0,2024-04-02T15:17:12.0512384+01:00
10,PictureID,1,2024-04-02T15:17:12.0515584+01:00
10,TrialITI,1.6,2024-04-02T15:17:12.0516480+01:00
10,StimOn,1,2024-04-02T15:17:13.6787456+01:00
10,StimOn,0,2024-04-02T15:17:14.6682368+01:00
10,PictureID,0,2024-04-02T15:17:14.6684800+01:00
10,TrialITI,2,2024-04-02T15:17:14.6685952+01:00
10,StimOn,1,2024-04-02T15:17:16.6959360+01:00
10,StimOn,0,2024-04-02T15:17:17.6852736+01:00
10,PictureID,5,2024-04-02T15:17:17.6855424+01:00
10,TrialITI,2,2024-04-02T15:17:17.6856704+01:00
10,StimOn,1,2024-04-02T15:17:19.7136128+01:00
10,StimOn,0,2024-04-02T15:17:20.7022976+01:00
10,PictureID,9,2024-04-02T15:17:20.7024768+01:00
10,TrialITI,1,2024-04-02T15:17:20.7025664+01:00
10,StimOn,1,2024-04-02T15:17:21.7140224+01:00
10,StimOn,0,2024-04-02T15:17:22.7025664+01:00
10,PictureID,7,2024-04-02T15:17:22.7027456+01:00
10,TrialITI,1,2024-04-02T15:17:22.7028352+01:00
10,StimOn,1,2024-04-02T15:17:23.7144192+01:00
10,StimOn,0,2024-04-02T15:17:24.7028096+01:00
11,PictureID,5,2024-04-02T15:17:24.7031680+01:00
11,TrialITI,1.4,2024-04-02T15:17:24.7032576+01:00
11,StimOn,1,2024-04-02T15:17:26.1147392+01:00
11,StimOn,0,2024-04-02T15:17:27.1031168+01:00
11,PictureID,1,2024-04-02T15:17:27.1032960+01:00
11,TrialITI,1.5,2024-04-02T15:17:27.1033856+01:00
11,StimOn,1,2024-04-02T15:17:28.6318592+01:00
11,StimOn,0,2024-04-02T15:17:29.6200960+01:00
11,PictureID,2,2024-04-02T15:17:29.6214528+01:00
11,TrialITI,1.2,2024-04-02T15:17:29.6216704+01:00
11,StimOn,1,2024-04-02T15:17:30.8323456+01:00
11,StimOn,0,2024-04-02T15:17:31.8203648+01:00
11,PictureID,8,2024-04-02T15:17:31.8205440+01:00
11,TrialITI,1.2,2024-04-02T15:17:31.8206208+01:00
11,StimOn,1,2024-04-02T15:17:33.0327168+01:00
11,StimOn,0,2024-04-02T15:17:34.0206464+01:00
11,PictureID,7,2024-04-02T15:17:34.0208256+01:00
11,TrialITI,1.6,2024-04-02T15:17:34.0210432+01:00
11,StimOn,1,2024-04-02T15:17:35.6497792+01:00
11,StimOn,0,2024-04-02T15:17:36.6376320+01:00
11,PictureID,3,2024-04-02T15:17:36.6377984+01:00
11,TrialITI,1.6,2024-04-02T15:17:36.6378880+01:00
11,StimOn,1,2024-04-02T15:17:38.2668672+01:00
11,StimOn,0,2024-04-02T15:17:39.2546176+01:00
11,PictureID,6,2024-04-02T15:17:39.2548224+01:00
11,TrialITI,1.1,2024-04-02T15:17:39.2549120+01:00
11,StimOn,1,2024-04-02T15:17:40.3671552+01:00
11,StimOn,0,2024-04-02T15:17:41.3548800+01:00
11,PictureID,0,2024-04-02T15:17:41.3550720+01:00
11,TrialITI,1.5,2024-04-02T15:17:41.3551744+01:00
11,StimOn,1,2024-04-02T15:17:42.8844288+01:00
11,StimOn,0,2024-04-02T15:17:43.8718720+01:00
11,PictureID,4,2024-04-02T15:17:43.8720512+01:00
11,TrialITI,1.3,2024-04-02T15:17:43.8721408+01:00
11,StimOn,1,2024-04-02T15:17:45.1849344+01:00
11,StimOn,0,2024-04-02T15:17:46.1721472+01:00
11,PictureID,9,2024-04-02T15:17:46.1723776+01:00
11,TrialITI,2,2024-04-02T15:17:46.1724672+01:00
11,StimOn,1,2024-04-02T15:17:48.2022016+01:00
11,StimOn,0,2024-04-02T15:17:49.1891840+01:00
12,PictureID,2,2024-04-02T15:17:49.1895680+01:00
12,TrialITI,1.7,2024-04-02T15:17:49.1896576+01:00
12,StimOn,1,2024-04-02T15:17:50.9193216+01:00
12,StimOn,0,2024-04-02T15:17:51.9061888+01:00
12,PictureID,5,2024-04-02T15:17:51.9063680+01:00
12,TrialITI,1.9,2024-04-02T15:17:51.9064448+01:00
12,StimOn,1,2024-04-02T15:17:53.8365696+01:00
12,StimOn,0,2024-04-02T15:17:54.8232320+01:00
12,PictureID,6,2024-04-02T15:17:54.8234112+01:00
12,TrialITI,2,2024-04-02T15:17:54.8235008+01:00
12,StimOn,1,2024-04-02T15:17:56.8536320+01:00
12,StimOn,0,2024-04-02T15:17:57.8402688+01:00
12,PictureID,4,2024-04-02T15:17:57.8404608+01:00
12,TrialITI,1.1,2024-04-02T15:17:57.8405504+01:00
12,StimOn,1,2024-04-02T15:17:58.9539328+01:00
12,StimOn,0,2024-04-02T15:17:59.9405312+01:00
12,PictureID,8,2024-04-02T15:17:59.9407232+01:00
12,TrialITI,1.2,2024-04-02T15:17:59.9408128+01:00
12,StimOn,1,2024-04-02T15:18:01.1542912+01:00
12,StimOn,0,2024-04-02T15:18:02.1408000+01:00
12,PictureID,1,2024-04-02T15:18:02.1409664+01:00
12,TrialITI,1.8,2024-04-02T15:18:02.1410560+01:00
12,StimOn,1,2024-04-02T15:18:03.9714688+01:00
12,StimOn,0,2024-04-02T15:18:04.9578112+01:00
12,PictureID,3,2024-04-02T15:18:04.9579904+01:00
12,TrialITI,1.4,2024-04-02T15:18:04.9580672+01:00
12,StimOn,1,2024-04-02T15:18:06.3733120+01:00
12,StimOn,0,2024-04-02T15:18:07.3581184+01:00
12,PictureID,9,2024-04-02T15:18:07.3582976+01:00
12,TrialITI,2,2024-04-02T15:18:07.3584000+01:00
12,StimOn,1,2024-04-02T15:18:09.3904000+01:00
12,StimOn,0,2024-04-02T15:18:10.3751680+01:00
12,PictureID,0,2024-04-02T15:18:10.3753600+01:00
12,TrialITI,2,2024-04-02T15:18:10.3754496+01:00
12,StimOn,1,2024-04-02T15:18:12.4074752+01:00
12,StimOn,0,2024-04-02T15:18:13.3921920+01:00
12,PictureID,7,2024-04-02T15:18:13.3923712+01:00
12,TrialITI,1.2,2024-04-02T15:18:13.3924480+01:00
12,StimOn,1,2024-04-02T15:18:14.6078208+01:00
12,StimOn,0,2024-04-02T15:18:15.5924736+01:00
13,PictureID,2,2024-04-02T15:18:15.5928832+01:00
13,TrialITI,1.7,2024-04-02T15:18:15.5929856+01:00
13,StimOn,1,2024-04-02T15:18:17.3249152+01:00
13,StimOn,0,2024-04-02T15:18:18.3094784+01:00
13,PictureID,8,2024-04-02T15:18:18.3096448+01:00
13,TrialITI,1.6,2024-04-02T15:18:18.3097344+01:00
13,StimOn,1,2024-04-02T15:18:19.9419008+01:00
13,StimOn,0,2024-04-02T15:18:20.9264768+01:00
13,PictureID,9,2024-04-02T15:18:20.9267200+01:00
13,TrialITI,1.9,2024-04-02T15:18:20.9268480+01:00
13,StimOn,1,2024-04-02T15:18:22.8590720+01:00
13,StimOn,0,2024-04-02T15:18:23.8434944+01:00
13,PictureID,5,2024-04-02T15:18:23.8436608+01:00
13,TrialITI,1.1,2024-04-02T15:18:23.8437504+01:00
13,StimOn,1,2024-04-02T15:18:24.9594368+01:00
13,StimOn,0,2024-04-02T15:18:25.9437696+01:00
13,PictureID,4,2024-04-02T15:18:25.9439616+01:00
13,TrialITI,1.6,2024-04-02T15:18:25.9440768+01:00
13,StimOn,1,2024-04-02T15:18:27.5765888+01:00
13,StimOn,0,2024-04-02T15:18:28.5607552+01:00
13,PictureID,3,2024-04-02T15:18:28.5609344+01:00
13,TrialITI,1.3,2024-04-02T15:18:28.5610112+01:00
13,StimOn,1,2024-04-02T15:18:29.8769280+01:00
13,StimOn,0,2024-04-02T15:18:30.8610432+01:00
13,PictureID,6,2024-04-02T15:18:30.8612096+01:00
13,TrialITI,2,2024-04-02T15:18:30.8612864+01:00
13,StimOn,1,2024-04-02T15:18:32.8940800+01:00
13,StimOn,0,2024-04-02T15:18:33.8780800+01:00
13,PictureID,0,2024-04-02T15:18:33.8782464+01:00
13,TrialITI,1.5,2024-04-02T15:18:33.8783232+01:00
13,StimOn,1,2024-04-02T15:18:35.4110976+01:00
13,StimOn,0,2024-04-02T15:18:36.3950592+01:00
13,PictureID,1,2024-04-02T15:18:36.3952512+01:00
13,TrialITI,1,2024-04-02T15:18:36.3953408+01:00
13,StimOn,1,2024-04-02T15:18:37.4113920+01:00
13,StimOn,0,2024-04-02T15:18:38.3956224+01:00
13,PictureID,7,2024-04-02T15:18:38.3958272+01:00
13,TrialITI,2,2024-04-02T15:18:38.3959296+01:00
13,StimOn,1,2024-04-02T15:18:40.4285056+01:00
13,StimOn,0,2024-04-02T15:18:41.4124544+01:00
14,PictureID,5,2024-04-02T15:18:41.4128128+01:00
14,TrialITI,1.3,2024-04-02T15:18:41.4128896+01:00
14,StimOn,1,2024-04-02T15:18:42.7289216+01:00
14,StimOn,0,2024-04-02T15:18:43.7127808+01:00
14,PictureID,7,2024-04-02T15:18:43.7129472+01:00
14,TrialITI,1.3,2024-04-02T15:18:43.7130240+01:00
14,StimOn,1,2024-04-02T15:18:45.0292480+01:00
14,StimOn,0,2024-04-02T15:18:46.0130944+01:00
14,PictureID,1,2024-04-02T15:18:46.0132736+01:00
14,TrialITI,1.1,2024-04-02T15:18:46.0133504+01:00
14,StimOn,1,2024-04-02T15:18:47.1295360+01:00
14,StimOn,0,2024-04-02T15:18:48.1133824+01:00
14,PictureID,6,2024-04-02T15:18:48.1135488+01:00
14,TrialITI,1.9,2024-04-02T15:18:48.1136384+01:00
14,StimOn,1,2024-04-02T15:18:50.0466304+01:00
14,StimOn,0,2024-04-02T15:18:51.0305920+01:00
14,PictureID,8,2024-04-02T15:18:51.0307584+01:00
14,TrialITI,1.3,2024-04-02T15:18:51.0308480+01:00
14,StimOn,1,2024-04-02T15:18:52.3308544+01:00
14,StimOn,0,2024-04-02T15:18:53.3305088+01:00
14,PictureID,3,2024-04-02T15:18:53.3307392+01:00
14,TrialITI,1.4,2024-04-02T15:18:53.3308416+01:00
14,StimOn,1,2024-04-02T15:18:54.7312768+01:00
14,StimOn,0,2024-04-02T15:18:55.7308032+01:00
14,PictureID,9,2024-04-02T15:18:55.7309824+01:00
14,TrialITI,1.9,2024-04-02T15:18:55.7310592+01:00
14,StimOn,1,2024-04-02T15:18:57.6483968+01:00
14,StimOn,0,2024-04-02T15:18:58.6478336+01:00
14,PictureID,2,2024-04-02T15:18:58.6480128+01:00
14,TrialITI,1.7,2024-04-02T15:18:58.6480896+01:00
14,StimOn,1,2024-04-02T15:19:00.3655168+01:00
14,StimOn,0,2024-04-02T15:19:01.3648384+01:00
14,PictureID,4,2024-04-02T15:19:01.3650048+01:00
14,TrialITI,1.9,2024-04-02T15:19:01.3650816+01:00
14,StimOn,1,2024-04-02T15:19:03.2826112+01:00
14,StimOn,0,2024-04-02T15:19:04.2818688+01:00
14,PictureID,0,2024-04-02T15:19:04.2820224+01:00
14,TrialITI,1.4,2024-04-02T15:19:04.2821120+01:00
14,StimOn,1,2024-04-02T15:19:05.6830336+01:00
14,StimOn,0,2024-04-02T15:19:06.6821888+01:00
15,PictureID,1,2024-04-02T15:19:06.6826240+01:00
15,TrialITI,1.5,2024-04-02T15:19:06.6827264+01:00
15,StimOn,1,2024-04-02T15:19:08.2000128+01:00
15,StimOn,0,2024-04-02T15:19:09.1991424+01:00
15,PictureID,6,2024-04-02T15:19:09.1993472+01:00
15,TrialITI,1.8,2024-04-02T15:19:09.1994368+01:00
15,StimOn,1,2024-04-02T15:19:11.0170624+01:00
15,StimOn,0,2024-04-02T15:19:12.0161664+01:00
15,PictureID,0,2024-04-02T15:19:12.0163328+01:00
15,TrialITI,1.7,2024-04-02T15:19:12.0164096+01:00
15,StimOn,1,2024-04-02T15:19:13.7346304+01:00
15,StimOn,0,2024-04-02T15:19:14.7331712+01:00
15,PictureID,9,2024-04-02T15:19:14.7333376+01:00
15,TrialITI,1.3,2024-04-02T15:19:14.7334272+01:00
15,StimOn,1,2024-04-02T15:19:16.0349824+01:00
15,StimOn,0,2024-04-02T15:19:17.0334720+01:00
15,PictureID,2,2024-04-02T15:19:17.0336640+01:00
15,TrialITI,1.7,2024-04-02T15:19:17.0337536+01:00
15,StimOn,1,2024-04-02T15:19:18.7521280+01:00
15,StimOn,0,2024-04-02T15:19:19.7504640+01:00
15,PictureID,8,2024-04-02T15:19:19.7506304+01:00
15,TrialITI,1.1,2024-04-02T15:19:19.7507072+01:00
15,StimOn,1,2024-04-02T15:19:20.8524544+01:00
15,StimOn,0,2024-04-02T15:19:21.8507136+01:00
15,PictureID,7,2024-04-02T15:19:21.8508800+01:00
15,TrialITI,1.3,2024-04-02T15:19:21.8509696+01:00
15,StimOn,1,2024-04-02T15:19:23.1527296+01:00
15,StimOn,0,2024-04-02T15:19:24.1510272+01:00
15,PictureID,5,2024-04-02T15:19:24.1512704+01:00
15,TrialITI,1.7,2024-04-02T15:19:24.1513856+01:00
15,StimOn,1,2024-04-02T15:19:25.8697856+01:00
15,StimOn,0,2024-04-02T15:19:26.8680192+01:00
15,PictureID,3,2024-04-02T15:19:26.8681856+01:00
15,TrialITI,1.3,2024-04-02T15:19:26.8682624+01:00
15,StimOn,1,2024-04-02T15:19:28.1701760+01:00
15,StimOn,0,2024-04-02T15:19:29.1683072+01:00
15,PictureID,4,2024-04-02T15:19:29.1684864+01:00
15,TrialITI,2,2024-04-02T15:19:29.1685888+01:00
15,StimOn,1,2024-04-02T15:19:31.1873024+01:00
15,StimOn,0,2024-04-02T15:19:32.1853696+01:00
16,PictureID,8,2024-04-02T15:19:32.1861504+01:00
16,TrialITI,1.4,2024-04-02T15:19:32.1862400+01:00
16,StimOn,1,2024-04-02T15:19:33.5876864+01:00
16,StimOn,0,2024-04-02T15:19:34.5856384+01:00
16,PictureID,9,2024-04-02T15:19:34.5858176+01:00
16,TrialITI,1,2024-04-02T15:19:34.5859072+01:00
16,StimOn,1,2024-04-02T15:19:35.5879936+01:00
16,StimOn,0,2024-04-02T15:19:36.5858816+01:00
16,PictureID,4,2024-04-02T15:19:36.5860608+01:00
16,TrialITI,1.9,2024-04-02T15:19:36.5861632+01:00
16,StimOn,1,2024-04-02T15:19:38.5051392+01:00
16,StimOn,0,2024-04-02T15:19:39.5029120+01:00
16,PictureID,5,2024-04-02T15:19:39.5030912+01:00
16,TrialITI,2,2024-04-02T15:19:39.5031680+01:00
16,StimOn,1,2024-04-02T15:19:41.5222656+01:00
16,StimOn,0,2024-04-02T15:19:42.5199616+01:00
16,PictureID,0,2024-04-02T15:19:42.5201280+01:00
16,TrialITI,1.5,2024-04-02T15:19:42.5202048+01:00
16,StimOn,1,2024-04-02T15:19:44.0392832+01:00
16,StimOn,0,2024-04-02T15:19:45.0369408+01:00
16,PictureID,3,2024-04-02T15:19:45.0371200+01:00
16,TrialITI,1.6,2024-04-02T15:19:45.0371968+01:00
16,StimOn,1,2024-04-02T15:19:46.6566912+01:00
16,StimOn,0,2024-04-02T15:19:47.6539264+01:00
16,PictureID,6,2024-04-02T15:19:47.6541056+01:00
16,TrialITI,1.1,2024-04-02T15:19:47.6542080+01:00
16,StimOn,1,2024-04-02T15:19:48.7569920+01:00
16,StimOn,0,2024-04-02T15:19:49.7541888+01:00
16,PictureID,2,2024-04-02T15:19:49.7543680+01:00
16,TrialITI,1.4,2024-04-02T15:19:49.7544448+01:00
16,StimOn,1,2024-04-02T15:19:51.1573632+01:00
16,StimOn,0,2024-04-02T15:19:52.1544960+01:00
16,PictureID,7,2024-04-02T15:19:52.1546624+01:00
16,TrialITI,1.2,2024-04-02T15:19:52.1547392+01:00
16,StimOn,1,2024-04-02T15:19:53.3576448+01:00
16,StimOn,0,2024-04-02T15:19:54.3547904+01:00
16,PictureID,1,2024-04-02T15:19:54.3549824+01:00
16,TrialITI,1.1,2024-04-02T15:19:54.3550848+01:00
16,StimOn,1,2024-04-02T15:19:55.4579712+01:00
16,StimOn,0,2024-04-02T15:19:56.4550528+01:00
17,PictureID,2,2024-04-02T15:19:56.4555264+01:00
17,TrialITI,1.4,2024-04-02T15:19:56.4556288+01:00
17,StimOn,1,2024-04-02T15:19:57.8583808+01:00
17,StimOn,0,2024-04-02T15:19:58.8553216+01:00
17,PictureID,6,2024-04-02T15:19:58.8555008+01:00
17,TrialITI,1.9,2024-04-02T15:19:58.8555904+01:00
17,StimOn,1,2024-04-02T15:20:00.7754624+01:00
17,StimOn,0,2024-04-02T15:20:01.7723520+01:00
17,PictureID,7,2024-04-02T15:20:01.7725312+01:00
17,TrialITI,2,2024-04-02T15:20:01.7726336+01:00
17,StimOn,1,2024-04-02T15:20:03.7926016+01:00
17,StimOn,0,2024-04-02T15:20:04.7894016+01:00
17,PictureID,4,2024-04-02T15:20:04.7895808+01:00
17,TrialITI,1.2,2024-04-02T15:20:04.7896704+01:00
17,StimOn,1,2024-04-02T15:20:05.9928832+01:00
17,StimOn,0,2024-04-02T15:20:06.9896960+01:00
17,PictureID,5,2024-04-02T15:20:06.9899136+01:00
17,TrialITI,1,2024-04-02T15:20:06.9900288+01:00
17,StimOn,1,2024-04-02T15:20:07.9931648+01:00
17,StimOn,0,2024-04-02T15:20:08.9899264+01:00
17,PictureID,9,2024-04-02T15:20:08.9900928+01:00
17,TrialITI,2,2024-04-02T15:20:08.9901696+01:00
17,StimOn,1,2024-04-02T15:20:11.0102528+01:00
17,StimOn,0,2024-04-02T15:20:12.0069632+01:00
17,PictureID,8,2024-04-02T15:20:12.0071424+01:00
17,TrialITI,1.4,2024-04-02T15:20:12.0072320+01:00
17,StimOn,1,2024-04-02T15:20:13.4106624+01:00
17,StimOn,0,2024-04-02T15:20:14.4072704+01:00
17,PictureID,1,2024-04-02T15:20:14.4074624+01:00
17,TrialITI,1.4,2024-04-02T15:20:14.4075520+01:00
17,StimOn,1,2024-04-02T15:20:15.8111616+01:00
17,StimOn,0,2024-04-02T15:20:16.8075648+01:00
17,PictureID,3,2024-04-02T15:20:16.8077312+01:00
17,TrialITI,1.2,2024-04-02T15:20:16.8078080+01:00
17,StimOn,1,2024-04-02T15:20:18.0115968+01:00
17,StimOn,0,2024-04-02T15:20:19.0078336+01:00
17,PictureID,0,2024-04-02T15:20:19.0080128+01:00
17,TrialITI,1.9,2024-04-02T15:20:19.0081024+01:00
17,StimOn,1,2024-04-02T15:20:20.9287040+01:00
17,StimOn,0,2024-04-02T15:20:21.9248640+01:00
18,PictureID,2,2024-04-02T15:20:21.9252224+01:00
18,TrialITI,1.3,2024-04-02T15:20:21.9252992+01:00
18,StimOn,1,2024-04-02T15:20:23.2290048+01:00
18,StimOn,0,2024-04-02T15:20:24.2251520+01:00
18,PictureID,3,2024-04-02T15:20:24.2253184+01:00
18,TrialITI,1.5,2024-04-02T15:20:24.2253952+01:00
18,StimOn,1,2024-04-02T15:20:25.7460608+01:00
18,StimOn,0,2024-04-02T15:20:26.7421312+01:00
18,PictureID,0,2024-04-02T15:20:26.7422976+01:00
18,TrialITI,1.4,2024-04-02T15:20:26.7423744+01:00
18,StimOn,1,2024-04-02T15:20:28.1464960+01:00
18,StimOn,0,2024-04-02T15:20:29.1424256+01:00
18,PictureID,9,2024-04-02T15:20:29.1426048+01:00
18,TrialITI,1.7,2024-04-02T15:20:29.1426816+01:00
18,StimOn,1,2024-04-02T15:20:30.8635776+01:00
18,StimOn,0,2024-04-02T15:20:31.8594560+01:00
18,PictureID,4,2024-04-02T15:20:31.8596864+01:00
18,TrialITI,1.4,2024-04-02T15:20:31.8598016+01:00
18,StimOn,1,2024-04-02T15:20:33.2640640+01:00
18,StimOn,0,2024-04-02T15:20:34.2597376+01:00
18,PictureID,8,2024-04-02T15:20:34.2599040+01:00
18,TrialITI,1.8,2024-04-02T15:20:34.2599808+01:00
18,StimOn,1,2024-04-02T15:20:36.0815488+01:00
18,StimOn,0,2024-04-02T15:20:37.0767488+01:00
18,PictureID,7,2024-04-02T15:20:37.0769152+01:00
18,TrialITI,1.2,2024-04-02T15:20:37.0769920+01:00
18,StimOn,1,2024-04-02T15:20:38.2818560+01:00
18,StimOn,0,2024-04-02T15:20:39.2770304+01:00
18,PictureID,5,2024-04-02T15:20:39.2771968+01:00
18,TrialITI,1.7,2024-04-02T15:20:39.2772736+01:00
18,StimOn,1,2024-04-02T15:20:40.9989120+01:00
18,StimOn,0,2024-04-02T15:20:41.9940352+01:00
18,PictureID,6,2024-04-02T15:20:41.9942272+01:00
18,TrialITI,1.4,2024-04-02T15:20:41.9943424+01:00
18,StimOn,1,2024-04-02T15:20:43.3992704+01:00
18,StimOn,0,2024-04-02T15:20:44.3943296+01:00
18,PictureID,1,2024-04-02T15:20:44.3944960+01:00
18,TrialITI,1.4,2024-04-02T15:20:44.3945856+01:00
18,StimOn,1,2024-04-02T15:20:45.7996288+01:00
18,StimOn,0,2024-04-02T15:20:46.7946752+01:00
19,PictureID,5,2024-04-02T15:20:46.7958016+01:00
19,TrialITI,1.9,2024-04-02T15:20:46.7960832+01:00
19,StimOn,1,2024-04-02T15:20:48.7166848+01:00
19,StimOn,0,2024-04-02T15:20:49.7116544+01:00
19,PictureID,9,2024-04-02T15:20:49.7118336+01:00
19,TrialITI,2,2024-04-02T15:20:49.7119104+01:00
19,StimOn,1,2024-04-02T15:20:51.7339008+01:00
19,StimOn,0,2024-04-02T15:20:52.7287168+01:00
19,PictureID,1,2024-04-02T15:20:52.7289728+01:00
19,TrialITI,1.4,2024-04-02T15:20:52.7290880+01:00
19,StimOn,1,2024-04-02T15:20:54.1345024+01:00
19,StimOn,0,2024-04-02T15:20:55.1290112+01:00
19,PictureID,0,2024-04-02T15:20:55.1292160+01:00
19,TrialITI,1.7,2024-04-02T15:20:55.1293184+01:00
19,StimOn,1,2024-04-02T15:20:56.8516608+01:00
19,StimOn,0,2024-04-02T15:20:57.8460032+01:00
19,PictureID,8,2024-04-02T15:20:57.8461696+01:00
19,TrialITI,1,2024-04-02T15:20:57.8462592+01:00
19,StimOn,1,2024-04-02T15:20:58.8520192+01:00
19,StimOn,0,2024-04-02T15:20:59.8462592+01:00
19,PictureID,3,2024-04-02T15:20:59.8464512+01:00
19,TrialITI,1.1,2024-04-02T15:20:59.8465408+01:00
19,StimOn,1,2024-04-02T15:21:00.9523072+01:00
19,StimOn,0,2024-04-02T15:21:01.9465216+01:00
19,PictureID,4,2024-04-02T15:21:01.9467136+01:00
19,TrialITI,1.1,2024-04-02T15:21:01.9468160+01:00
19,StimOn,1,2024-04-02T15:21:03.0526208+01:00
19,StimOn,0,2024-04-02T15:21:04.0467712+01:00
19,PictureID,7,2024-04-02T15:21:04.0469504+01:00
19,TrialITI,1.7,2024-04-02T15:21:04.0470272+01:00
19,StimOn,1,2024-04-02T15:21:05.7696640+01:00
19,StimOn,0,2024-04-02T15:21:06.7637760+01:00
19,PictureID,2,2024-04-02T15:21:06.7639552+01:00
19,TrialITI,1.6,2024-04-02T15:21:06.7640320+01:00
19,StimOn,1,2024-04-02T15:21:08.3867008+01:00
19,StimOn,0,2024-04-02T15:21:09.3807744+01:00
19,PictureID,6,2024-04-02T15:21:09.3809408+01:00
19,TrialITI,1,2024-04-02T15:21:09.3810176+01:00
19,StimOn,1,2024-04-02T15:21:10.3869696+01:00
19,StimOn,0,2024-04-02T15:21:11.3810176+01:00
20,PictureID,4,2024-04-02T15:21:11.3813760+01:00
20,TrialITI,1.8,2024-04-02T15:21:11.3814528+01:00
20,StimOn,1,2024-04-02T15:21:13.2041984+01:00
20,StimOn,0,2024-04-02T15:21:14.1980416+01:00
20,PictureID,0,2024-04-02T15:21:14.1982080+01:00
20,TrialITI,1.4,2024-04-02T15:21:14.1982976+01:00
20,StimOn,1,2024-04-02T15:21:15.6045568+01:00
20,StimOn,0,2024-04-02T15:21:16.5983360+01:00
20,PictureID,1,2024-04-02T15:21:16.5985152+01:00
20,TrialITI,1.8,2024-04-02T15:21:16.5986048+01:00
20,StimOn,1,2024-04-02T15:21:18.4216832+01:00
20,StimOn,0,2024-04-02T15:21:19.4153600+01:00
20,PictureID,6,2024-04-02T15:21:19.4155264+01:00
20,TrialITI,1.1,2024-04-02T15:21:19.4156032+01:00
20,StimOn,1,2024-04-02T15:21:20.5220096+01:00
20,StimOn,0,2024-04-02T15:21:21.5156096+01:00
20,PictureID,9,2024-04-02T15:21:21.5157888+01:00
20,TrialITI,1.2,2024-04-02T15:21:21.5158656+01:00
20,StimOn,1,2024-04-02T15:21:22.7223808+01:00
20,StimOn,0,2024-04-02T15:21:23.7158912+01:00
20,PictureID,5,2024-04-02T15:21:23.7160832+01:00
20,TrialITI,1.6,2024-04-02T15:21:23.7161728+01:00
20,StimOn,1,2024-04-02T15:21:25.3394816+01:00
20,StimOn,0,2024-04-02T15:21:26.3328768+01:00
20,PictureID,3,2024-04-02T15:21:26.3330560+01:00
20,TrialITI,1.6,2024-04-02T15:21:26.3331456+01:00
20,StimOn,1,2024-04-02T15:21:27.9565568+01:00
20,StimOn,0,2024-04-02T15:21:28.9498752+01:00
20,PictureID,7,2024-04-02T15:21:28.9500416+01:00
20,TrialITI,1.4,2024-04-02T15:21:28.9501184+01:00
20,StimOn,1,2024-04-02T15:21:30.3571200+01:00
20,StimOn,0,2024-04-02T15:21:31.3501696+01:00
20,PictureID,2,2024-04-02T15:21:31.3503360+01:00
20,TrialITI,1.1,2024-04-02T15:21:31.3504256+01:00
20,StimOn,1,2024-04-02T15:21:32.4576512+01:00
20,StimOn,0,2024-04-02T15:21:33.4504320+01:00
20,PictureID,8,2024-04-02T15:21:33.4505984+01:00
20,TrialITI,1.8,2024-04-02T15:21:33.4506752+01:00
20,StimOn,1,2024-04-02T15:21:35.2745856+01:00
20,StimOn,0,2024-04-02T15:21:36.2674560+01:00
21,PictureID,3,2024-04-02T15:21:36.2678144+01:00
21,TrialITI,1.4,2024-04-02T15:21:36.2678912+01:00
21,StimOn,1,2024-04-02T15:21:37.6749568+01:00
21,StimOn,0,2024-04-02T15:21:38.6677504+01:00
21,PictureID,9,2024-04-02T15:21:38.6679168+01:00
21,TrialITI,2,2024-04-02T15:21:38.6679936+01:00
21,StimOn,1,2024-04-02T15:21:40.6920064+01:00
21,StimOn,0,2024-04-02T15:21:41.6848000+01:00
21,PictureID,7,2024-04-02T15:21:41.6849536+01:00
21,TrialITI,2,2024-04-02T15:21:41.6850432+01:00
21,StimOn,1,2024-04-02T15:21:43.7092480+01:00
21,StimOn,0,2024-04-02T15:21:44.7018496+01:00
21,PictureID,5,2024-04-02T15:21:44.7021824+01:00
21,TrialITI,2,2024-04-02T15:21:44.7022976+01:00
21,StimOn,1,2024-04-02T15:21:46.7264768+01:00
21,StimOn,0,2024-04-02T15:21:47.7188736+01:00
21,PictureID,6,2024-04-02T15:21:47.7190400+01:00
21,TrialITI,1.7,2024-04-02T15:21:47.7191296+01:00
21,StimOn,1,2024-04-02T15:21:49.4435072+01:00
21,StimOn,0,2024-04-02T15:21:50.4358784+01:00
21,PictureID,4,2024-04-02T15:21:50.4360576+01:00
21,TrialITI,1.8,2024-04-02T15:21:50.4361344+01:00
21,StimOn,1,2024-04-02T15:21:52.2607488+01:00
21,StimOn,0,2024-04-02T15:21:53.2529024+01:00
21,PictureID,0,2024-04-02T15:21:53.2530816+01:00
21,TrialITI,2,2024-04-02T15:21:53.2531584+01:00
21,StimOn,1,2024-04-02T15:21:55.2779648+01:00
21,StimOn,0,2024-04-02T15:21:56.2699520+01:00
21,PictureID,8,2024-04-02T15:21:56.2701184+01:00
21,TrialITI,1.9,2024-04-02T15:21:56.2702080+01:00
21,StimOn,1,2024-04-02T15:21:58.1950336+01:00
21,StimOn,0,2024-04-02T15:21:59.1869696+01:00
21,PictureID,1,2024-04-02T15:21:59.1871488+01:00
21,TrialITI,1.9,2024-04-02T15:21:59.1872512+01:00
21,StimOn,1,2024-04-02T15:22:01.1121408+01:00
21,StimOn,0,2024-04-02T15:22:02.1040128+01:00
21,PictureID,2,2024-04-02T15:22:02.1042176+01:00
21,TrialITI,1.2,2024-04-02T15:22:02.1043072+01:00
21,StimOn,1,2024-04-02T15:22:03.3124992+01:00
21,StimOn,0,2024-04-02T15:22:04.3042688+01:00
22,PictureID,1,2024-04-02T15:22:04.3046272+01:00
22,TrialITI,1,2024-04-02T15:22:04.3047040+01:00
22,StimOn,1,2024-04-02T15:22:05.3127936+01:00
22,StimOn,0,2024-04-02T15:22:06.3045248+01:00
22,PictureID,3,2024-04-02T15:22:06.3047040+01:00
22,TrialITI,1.2,2024-04-02T15:22:06.3048064+01:00
22,StimOn,1,2024-04-02T15:22:07.5130752+01:00
22,StimOn,0,2024-04-02T15:22:08.5047936+01:00
22,PictureID,7,2024-04-02T15:22:08.5049856+01:00
22,TrialITI,1,2024-04-02T15:22:08.5050752+01:00
22,StimOn,1,2024-04-02T15:22:09.5134336+01:00
22,StimOn,0,2024-04-02T15:22:10.5050496+01:00
22,PictureID,5,2024-04-02T15:22:10.5052416+01:00
22,TrialITI,1.8,2024-04-02T15:22:10.5053440+01:00
22,StimOn,1,2024-04-02T15:22:12.3307008+01:00
22,StimOn,0,2024-04-02T15:22:13.3220736+01:00
22,PictureID,8,2024-04-02T15:22:13.3222656+01:00
22,TrialITI,1.2,2024-04-02T15:22:13.3223680+01:00
22,StimOn,1,2024-04-02T15:22:14.5310848+01:00
22,StimOn,0,2024-04-02T15:22:15.5223424+01:00
22,PictureID,9,2024-04-02T15:22:15.5225088+01:00
22,TrialITI,1,2024-04-02T15:22:15.5225856+01:00
22,StimOn,1,2024-04-02T15:22:16.5313664+01:00
22,StimOn,0,2024-04-02T15:22:17.5225856+01:00
22,PictureID,0,2024-04-02T15:22:17.5227776+01:00
22,TrialITI,1.8,2024-04-02T15:22:17.5228672+01:00
22,StimOn,1,2024-04-02T15:22:19.3484672+01:00
22,StimOn,0,2024-04-02T15:22:20.3396096+01:00
22,PictureID,2,2024-04-02T15:22:20.3398144+01:00
22,TrialITI,1.6,2024-04-02T15:22:20.3399168+01:00
22,StimOn,1,2024-04-02T15:22:21.9656576+01:00
22,StimOn,0,2024-04-02T15:22:22.9566080+01:00
22,PictureID,4,2024-04-02T15:22:22.9568128+01:00
22,TrialITI,1.3,2024-04-02T15:22:22.9569024+01:00
22,StimOn,1,2024-04-02T15:22:24.2659072+01:00
22,StimOn,0,2024-04-02T15:22:25.2568832+01:00
22,PictureID,6,2024-04-02T15:22:25.2570496+01:00
22,TrialITI,1.7,2024-04-02T15:22:25.2571264+01:00
22,StimOn,1,2024-04-02T15:22:26.9830144+01:00
22,StimOn,0,2024-04-02T15:22:27.9738880+01:00
23,PictureID,8,2024-04-02T15:22:27.9742464+01:00
23,TrialITI,1.3,2024-04-02T15:22:27.9743232+01:00
23,StimOn,1,2024-04-02T15:22:29.2836736+01:00
23,StimOn,0,2024-04-02T15:22:30.2741888+01:00
23,PictureID,2,2024-04-02T15:22:30.2743680+01:00
23,TrialITI,1.6,2024-04-02T15:22:30.2744576+01:00
23,StimOn,1,2024-04-02T15:22:31.9006976+01:00
23,StimOn,0,2024-04-02T15:22:32.8911616+01:00
23,PictureID,1,2024-04-02T15:22:32.8913280+01:00
23,TrialITI,1.7,2024-04-02T15:22:32.8914048+01:00
23,StimOn,1,2024-04-02T15:22:34.6177408+01:00
23,StimOn,0,2024-04-02T15:22:35.6081792+01:00
23,PictureID,3,2024-04-02T15:22:35.6083456+01:00
23,TrialITI,1,2024-04-02T15:22:35.6084480+01:00
23,StimOn,1,2024-04-02T15:22:36.6180480+01:00
23,StimOn,0,2024-04-02T15:22:37.6084224+01:00
23,PictureID,6,2024-04-02T15:22:37.6086016+01:00
23,TrialITI,2,2024-04-02T15:22:37.6086784+01:00
23,StimOn,1,2024-04-02T15:22:39.6352128+01:00
23,StimOn,0,2024-04-02T15:22:40.6254720+01:00
23,PictureID,5,2024-04-02T15:22:40.6256768+01:00
23,TrialITI,1.6,2024-04-02T15:22:40.6257792+01:00
23,StimOn,1,2024-04-02T15:22:42.2524160+01:00
23,StimOn,0,2024-04-02T15:22:43.2424576+01:00
23,PictureID,9,2024-04-02T15:22:43.2426240+01:00
23,TrialITI,1.2,2024-04-02T15:22:43.2427136+01:00
23,StimOn,1,2024-04-02T15:22:44.4527360+01:00
23,StimOn,0,2024-04-02T15:22:45.4427392+01:00
23,PictureID,7,2024-04-02T15:22:45.4430592+01:00
23,TrialITI,1.9,2024-04-02T15:22:45.4431616+01:00
23,StimOn,1,2024-04-02T15:22:47.3698560+01:00
23,StimOn,0,2024-04-02T15:22:48.3597568+01:00
23,PictureID,0,2024-04-02T15:22:48.3599232+01:00
23,TrialITI,1,2024-04-02T15:22:48.3600000+01:00
23,StimOn,1,2024-04-02T15:22:49.3702016+01:00
23,StimOn,0,2024-04-02T15:22:50.3600128+01:00
23,PictureID,4,2024-04-02T15:22:50.3601792+01:00
23,TrialITI,1.4,2024-04-02T15:22:50.3602560+01:00
23,StimOn,1,2024-04-02T15:22:51.7705344+01:00
23,StimOn,0,2024-04-02T15:22:52.7603072+01:00
24,PictureID,6,2024-04-02T15:22:52.7606912+01:00
24,TrialITI,1.3,2024-04-02T15:22:52.7607680+01:00
24,StimOn,1,2024-04-02T15:22:54.0709888+01:00
24,StimOn,0,2024-04-02T15:22:55.0605952+01:00
24,PictureID,0,2024-04-02T15:22:55.0607744+01:00
24,TrialITI,2,2024-04-02T15:22:55.0608512+01:00
24,StimOn,1,2024-04-02T15:22:57.0880512+01:00
24,StimOn,0,2024-04-02T15:22:58.0776448+01:00
24,PictureID,8,2024-04-02T15:22:58.0778624+01:00
24,TrialITI,1.3,2024-04-02T15:22:58.0779648+01:00
24,StimOn,1,2024-04-02T15:22:59.3884160+01:00
24,StimOn,0,2024-04-02T15:23:00.3779200+01:00
24,PictureID,1,2024-04-02T15:23:00.3781120+01:00
24,TrialITI,1.6,2024-04-02T15:23:00.3782144+01:00
24,StimOn,1,2024-04-02T15:23:02.0055936+01:00
24,StimOn,0,2024-04-02T15:23:02.9949184+01:00
24,PictureID,7,2024-04-02T15:23:02.9950848+01:00
24,TrialITI,1.3,2024-04-02T15:23:02.9951744+01:00
24,StimOn,1,2024-04-02T15:23:04.3060096+01:00
24,StimOn,0,2024-04-02T15:23:05.2952064+01:00
24,PictureID,5,2024-04-02T15:23:05.2954240+01:00
24,TrialITI,1.1,2024-04-02T15:23:05.2955264+01:00
24,StimOn,1,2024-04-02T15:23:06.4062976+01:00
24,StimOn,0,2024-04-02T15:23:07.3954560+01:00
24,PictureID,4,2024-04-02T15:23:07.3956352+01:00
24,TrialITI,1.2,2024-04-02T15:23:07.3957248+01:00
24,StimOn,1,2024-04-02T15:23:08.6073984+01:00
24,StimOn,0,2024-04-02T15:23:09.5957376+01:00
24,PictureID,3,2024-04-02T15:23:09.5959040+01:00
24,TrialITI,1.3,2024-04-02T15:23:09.5959808+01:00
24,StimOn,1,2024-04-02T15:23:10.9076992+01:00
24,StimOn,0,2024-04-02T15:23:11.8960512+01:00
24,PictureID,2,2024-04-02T15:23:11.8963200+01:00
24,TrialITI,1.7,2024-04-02T15:23:11.8964480+01:00
24,StimOn,1,2024-04-02T15:23:13.6247552+01:00
24,StimOn,0,2024-04-02T15:23:14.6130304+01:00
24,PictureID,9,2024-04-02T15:23:14.6131968+01:00
24,TrialITI,1.8,2024-04-02T15:23:14.6132736+01:00
24,StimOn,1,2024-04-02T15:23:16.4418176+01:00
24,StimOn,0,2024-04-02T15:23:17.4301056+01:00
25,PictureID,3,2024-04-02T15:23:17.4305024+01:00
25,TrialITI,1,2024-04-02T15:23:17.4305792+01:00
25,StimOn,1,2024-04-02T15:23:18.4420864+01:00
25,StimOn,0,2024-04-02T15:23:19.4302976+01:00
25,PictureID,0,2024-04-02T15:23:19.4304640+01:00
25,TrialITI,1.6,2024-04-02T15:23:19.4305536+01:00
25,StimOn,1,2024-04-02T15:23:21.0591744+01:00
25,StimOn,0,2024-04-02T15:23:22.0472832+01:00
25,PictureID,2,2024-04-02T15:23:22.0474624+01:00
25,TrialITI,1,2024-04-02T15:23:22.0475392+01:00
25,StimOn,1,2024-04-02T15:23:23.0594560+01:00
25,StimOn,0,2024-04-02T15:23:24.0475392+01:00
25,PictureID,1,2024-04-02T15:23:24.0477056+01:00
25,TrialITI,1,2024-04-02T15:23:24.0477952+01:00
25,StimOn,1,2024-04-02T15:23:25.0598144+01:00
25,StimOn,0,2024-04-02T15:23:26.0478080+01:00
25,PictureID,6,2024-04-02T15:23:26.0480256+01:00
25,TrialITI,1.7,2024-04-02T15:23:26.0481152+01:00
25,StimOn,1,2024-04-02T15:23:27.7768832+01:00
25,StimOn,0,2024-04-02T15:23:28.7648000+01:00
25,PictureID,8,2024-04-02T15:23:28.7649920+01:00
25,TrialITI,1.6,2024-04-02T15:23:28.7650816+01:00
25,StimOn,1,2024-04-02T15:23:30.3940224+01:00
25,StimOn,0,2024-04-02T15:23:31.3817856+01:00
25,PictureID,9,2024-04-02T15:23:31.3819520+01:00
25,TrialITI,1.6,2024-04-02T15:23:31.3820288+01:00
25,StimOn,1,2024-04-02T15:23:33.0110848+01:00
25,StimOn,0,2024-04-02T15:23:33.9987840+01:00
25,PictureID,5,2024-04-02T15:23:33.9989888+01:00
25,TrialITI,1.8,2024-04-02T15:23:33.9990784+01:00
25,StimOn,1,2024-04-02T15:23:35.8281472+01:00
25,StimOn,0,2024-04-02T15:23:36.8157952+01:00
25,PictureID,4,2024-04-02T15:23:36.8159616+01:00
25,TrialITI,1.8,2024-04-02T15:23:36.8160512+01:00
25,StimOn,1,2024-04-02T15:23:38.6451968+01:00
25,StimOn,0,2024-04-02T15:23:39.6328192+01:00
25,PictureID,7,2024-04-02T15:23:39.6330240+01:00
25,TrialITI,1.7,2024-04-02T15:23:39.6331264+01:00
25,StimOn,1,2024-04-02T15:23:41.3623168+01:00
25,StimOn,0,2024-04-02T15:23:42.3498112+01:00
26,PictureID,6,2024-04-02T15:23:42.3501824+01:00
26,TrialITI,1.2,2024-04-02T15:23:42.3502720+01:00
26,StimOn,1,2024-04-02T15:23:43.5626496+01:00
26,StimOn,0,2024-04-02T15:23:44.5501312+01:00
26,PictureID,0,2024-04-02T15:23:44.5506304+01:00
26,TrialITI,1.1,2024-04-02T15:23:44.5509120+01:00
26,StimOn,1,2024-04-02T15:23:45.6629760+01:00
26,StimOn,0,2024-04-02T15:23:46.6503552+01:00
26,PictureID,5,2024-04-02T15:23:46.6505600+01:00
26,TrialITI,1.5,2024-04-02T15:23:46.6506752+01:00
26,StimOn,1,2024-04-02T15:23:48.1800192+01:00
26,StimOn,0,2024-04-02T15:23:49.1673344+01:00
26,PictureID,1,2024-04-02T15:23:49.1674880+01:00
26,TrialITI,1.8,2024-04-02T15:23:49.1675776+01:00
26,StimOn,1,2024-04-02T15:23:50.9970560+01:00
26,StimOn,0,2024-04-02T15:23:51.9843456+01:00
26,PictureID,4,2024-04-02T15:23:51.9845120+01:00
26,TrialITI,1.6,2024-04-02T15:23:51.9845888+01:00
26,StimOn,1,2024-04-02T15:23:53.6142464+01:00
26,StimOn,0,2024-04-02T15:23:54.6013440+01:00
26,PictureID,2,2024-04-02T15:23:54.6015104+01:00
26,TrialITI,1.2,2024-04-02T15:23:54.6016000+01:00
26,StimOn,1,2024-04-02T15:23:55.8145408+01:00
26,StimOn,0,2024-04-02T15:23:56.8016128+01:00
26,PictureID,3,2024-04-02T15:23:56.8018432+01:00
26,TrialITI,1.4,2024-04-02T15:23:56.8019328+01:00
26,StimOn,1,2024-04-02T15:23:58.2149120+01:00
26,StimOn,0,2024-04-02T15:23:59.2019072+01:00
26,PictureID,7,2024-04-02T15:23:59.2020736+01:00
26,TrialITI,1.6,2024-04-02T15:23:59.2021632+01:00
26,StimOn,1,2024-04-02T15:24:00.8320640+01:00
26,StimOn,0,2024-04-02T15:24:01.8189056+01:00
26,PictureID,8,2024-04-02T15:24:01.8190720+01:00
26,TrialITI,1.7,2024-04-02T15:24:01.8191488+01:00
26,StimOn,1,2024-04-02T15:24:03.5491712+01:00
26,StimOn,0,2024-04-02T15:24:04.5359232+01:00
26,PictureID,9,2024-04-02T15:24:04.5361536+01:00
26,TrialITI,1.8,2024-04-02T15:24:04.5362688+01:00
26,StimOn,1,2024-04-02T15:24:06.3663616+01:00
26,StimOn,0,2024-04-02T15:24:07.3529216+01:00
27,PictureID,8,2024-04-02T15:24:07.3532928+01:00
27,TrialITI,1.6,2024-04-02T15:24:07.3533696+01:00
27,StimOn,1,2024-04-02T15:24:08.9835136+01:00
27,StimOn,0,2024-04-02T15:24:09.9699200+01:00
27,PictureID,6,2024-04-02T15:24:09.9700864+01:00
27,TrialITI,1,2024-04-02T15:24:09.9701632+01:00
27,StimOn,1,2024-04-02T15:24:10.9837568+01:00
27,StimOn,0,2024-04-02T15:24:11.9701632+01:00
27,PictureID,9,2024-04-02T15:24:11.9703424+01:00
27,TrialITI,1.1,2024-04-02T15:24:11.9704192+01:00
27,StimOn,1,2024-04-02T15:24:13.0840448+01:00
27,StimOn,0,2024-04-02T15:24:14.0704256+01:00
27,PictureID,1,2024-04-02T15:24:14.0706048+01:00
27,TrialITI,1.4,2024-04-02T15:24:14.0706816+01:00
27,StimOn,1,2024-04-02T15:24:15.4844032+01:00
27,StimOn,0,2024-04-02T15:24:16.4707328+01:00
27,PictureID,3,2024-04-02T15:24:16.4708992+01:00
27,TrialITI,1.3,2024-04-02T15:24:16.4709760+01:00
27,StimOn,1,2024-04-02T15:24:17.7847808+01:00
27,StimOn,0,2024-04-02T15:24:18.7710080+01:00
27,PictureID,0,2024-04-02T15:24:18.7712000+01:00
27,TrialITI,1.3,2024-04-02T15:24:18.7712768+01:00
27,StimOn,1,2024-04-02T15:24:20.0851072+01:00
27,StimOn,0,2024-04-02T15:24:21.0713088+01:00
27,PictureID,7,2024-04-02T15:24:21.0714880+01:00
27,TrialITI,1.3,2024-04-02T15:24:21.0715776+01:00
27,StimOn,1,2024-04-02T15:24:22.3865600+01:00
27,StimOn,0,2024-04-02T15:24:23.3715840+01:00
27,PictureID,4,2024-04-02T15:24:23.3717632+01:00
27,TrialITI,1.1,2024-04-02T15:24:23.3718400+01:00
27,StimOn,1,2024-04-02T15:24:24.4868864+01:00
27,StimOn,0,2024-04-02T15:24:25.4718592+01:00
27,PictureID,2,2024-04-02T15:24:25.4720640+01:00
27,TrialITI,1.9,2024-04-02T15:24:25.4721536+01:00
27,StimOn,1,2024-04-02T15:24:27.4039808+01:00
27,StimOn,0,2024-04-02T15:24:28.3888768+01:00
27,PictureID,5,2024-04-02T15:24:28.3890816+01:00
27,TrialITI,1.6,2024-04-02T15:24:28.3892864+01:00
27,StimOn,1,2024-04-02T15:24:30.0209792+01:00
27,StimOn,0,2024-04-02T15:24:31.0058752+01:00
28,PictureID,6,2024-04-02T15:24:31.0062720+01:00
28,TrialITI,1.9,2024-04-02T15:24:31.0063616+01:00
28,StimOn,1,2024-04-02T15:24:32.9381632+01:00
28,StimOn,0,2024-04-02T15:24:33.9229056+01:00
28,PictureID,0,2024-04-02T15:24:33.9230720+01:00
28,TrialITI,2,2024-04-02T15:24:33.9231616+01:00
28,StimOn,1,2024-04-02T15:24:35.9552896+01:00
28,StimOn,0,2024-04-02T15:24:36.9399424+01:00
28,PictureID,5,2024-04-02T15:24:36.9401216+01:00
28,TrialITI,1.8,2024-04-02T15:24:36.9402240+01:00
28,StimOn,1,2024-04-02T15:24:38.7734528+01:00
28,StimOn,0,2024-04-02T15:24:39.7572992+01:00
28,PictureID,8,2024-04-02T15:24:39.7574784+01:00
28,TrialITI,1.3,2024-04-02T15:24:39.7575552+01:00
28,StimOn,1,2024-04-02T15:24:41.0737920+01:00
28,StimOn,0,2024-04-02T15:24:42.0572416+01:00
28,PictureID,7,2024-04-02T15:24:42.0574208+01:00
28,TrialITI,1.1,2024-04-02T15:24:42.0574976+01:00
28,StimOn,1,2024-04-02T15:24:43.1578624+01:00
28,StimOn,0,2024-04-02T15:24:44.1575040+01:00
28,PictureID,2,2024-04-02T15:24:44.1576832+01:00
28,TrialITI,2,2024-04-02T15:24:44.1577728+01:00
28,StimOn,1,2024-04-02T15:24:46.1751808+01:00
28,StimOn,0,2024-04-02T15:24:47.1745536+01:00
28,PictureID,4,2024-04-02T15:24:47.1747200+01:00
28,TrialITI,1,2024-04-02T15:24:47.1747968+01:00
28,StimOn,1,2024-04-02T15:24:48.1754112+01:00
28,StimOn,0,2024-04-02T15:24:49.1747968+01:00
28,PictureID,1,2024-04-02T15:24:49.1749632+01:00
28,TrialITI,1.9,2024-04-02T15:24:49.1750400+01:00
28,StimOn,1,2024-04-02T15:24:51.0926080+01:00
28,StimOn,0,2024-04-02T15:24:52.0918272+01:00
28,PictureID,9,2024-04-02T15:24:52.0920064+01:00
28,TrialITI,1.4,2024-04-02T15:24:52.0920832+01:00
28,StimOn,1,2024-04-02T15:24:53.4929664+01:00
28,StimOn,0,2024-04-02T15:24:54.4921216+01:00
28,PictureID,3,2024-04-02T15:24:54.4923008+01:00
28,TrialITI,1.1,2024-04-02T15:24:54.4923776+01:00
28,StimOn,1,2024-04-02T15:24:55.5933056+01:00
28,StimOn,0,2024-04-02T15:24:56.5924224+01:00
29,PictureID,8,2024-04-02T15:24:56.5930240+01:00
29,TrialITI,1,2024-04-02T15:24:56.5931904+01:00
29,StimOn,1,2024-04-02T15:24:57.5936000+01:00
29,StimOn,0,2024-04-02T15:24:58.5926400+01:00
29,PictureID,7,2024-04-02T15:24:58.5928064+01:00
29,TrialITI,1.7,2024-04-02T15:24:58.5928960+01:00
29,StimOn,1,2024-04-02T15:25:00.3108480+01:00
29,StimOn,0,2024-04-02T15:25:01.3096448+01:00
29,PictureID,4,2024-04-02T15:25:01.3098112+01:00
29,TrialITI,1.8,2024-04-02T15:25:01.3099008+01:00
29,StimOn,1,2024-04-02T15:25:03.1280768+01:00
29,StimOn,0,2024-04-02T15:25:04.1266560+01:00
29,PictureID,5,2024-04-02T15:25:04.1268352+01:00
29,TrialITI,1.3,2024-04-02T15:25:04.1269120+01:00
29,StimOn,1,2024-04-02T15:25:05.4284032+01:00
29,StimOn,0,2024-04-02T15:25:06.4269440+01:00
29,PictureID,6,2024-04-02T15:25:06.4271232+01:00
29,TrialITI,1.1,2024-04-02T15:25:06.4272000+01:00
29,StimOn,1,2024-04-02T15:25:07.5289216+01:00
29,StimOn,0,2024-04-02T15:25:08.5272064+01:00
29,PictureID,3,2024-04-02T15:25:08.5273856+01:00
29,TrialITI,1.9,2024-04-02T15:25:08.5274624+01:00
29,StimOn,1,2024-04-02T15:25:10.4461056+01:00
29,StimOn,0,2024-04-02T15:25:11.4442368+01:00
29,PictureID,2,2024-04-02T15:25:11.4444160+01:00
29,TrialITI,1.5,2024-04-02T15:25:11.4444928+01:00
29,StimOn,1,2024-04-02T15:25:12.9633408+01:00
29,StimOn,0,2024-04-02T15:25:13.9612288+01:00
29,PictureID,9,2024-04-02T15:25:13.9614336+01:00
29,TrialITI,1.6,2024-04-02T15:25:13.9615360+01:00
29,StimOn,1,2024-04-02T15:25:15.5804416+01:00
29,StimOn,0,2024-04-02T15:25:16.5782400+01:00
29,PictureID,0,2024-04-02T15:25:16.5785856+01:00
29,TrialITI,1.1,2024-04-02T15:25:16.5786624+01:00
29,StimOn,1,2024-04-02T15:25:17.6807808+01:00
29,StimOn,0,2024-04-02T15:25:18.6784896+01:00
29,PictureID,1,2024-04-02T15:25:18.6786688+01:00
29,TrialITI,1.9,2024-04-02T15:25:18.6787584+01:00
29,StimOn,1,2024-04-02T15:25:20.5979008+01:00
29,StimOn,0,2024-04-02T15:25:21.5954944+01:00
30,PictureID,4,2024-04-02T15:25:21.5958528+01:00
30,TrialITI,1.6,2024-04-02T15:25:21.5959296+01:00
30,StimOn,1,2024-04-02T15:25:23.2150528+01:00
30,StimOn,0,2024-04-02T15:25:24.2125056+01:00
30,PictureID,5,2024-04-02T15:25:24.2127360+01:00
30,TrialITI,1.8,2024-04-02T15:25:24.2128768+01:00
30,StimOn,1,2024-04-02T15:25:26.0325632+01:00
30,StimOn,0,2024-04-02T15:25:27.0295168+01:00
30,PictureID,8,2024-04-02T15:25:27.0296832+01:00
30,TrialITI,1.8,2024-04-02T15:25:27.0297600+01:00
30,StimOn,1,2024-04-02T15:25:28.8497536+01:00
30,StimOn,0,2024-04-02T15:25:29.8465280+01:00
30,PictureID,6,2024-04-02T15:25:29.8467072+01:00
30,TrialITI,1,2024-04-02T15:25:29.8467840+01:00
30,StimOn,1,2024-04-02T15:25:30.8501376+01:00
30,StimOn,0,2024-04-02T15:25:31.8467840+01:00
30,PictureID,1,2024-04-02T15:25:31.8469504+01:00
30,TrialITI,1.7,2024-04-02T15:25:31.8470272+01:00
30,StimOn,1,2024-04-02T15:25:33.5671680+01:00
30,StimOn,0,2024-04-02T15:25:34.5638016+01:00
30,PictureID,0,2024-04-02T15:25:34.5640192+01:00
30,TrialITI,1.3,2024-04-02T15:25:34.5640960+01:00
30,StimOn,1,2024-04-02T15:25:35.8676480+01:00
30,StimOn,0,2024-04-02T15:25:36.8640640+01:00
30,PictureID,2,2024-04-02T15:25:36.8642304+01:00
30,TrialITI,1.3,2024-04-02T15:25:36.8643072+01:00
30,StimOn,1,2024-04-02T15:25:38.1679744+01:00
30,StimOn,0,2024-04-02T15:25:39.1643520+01:00
30,PictureID,7,2024-04-02T15:25:39.1645312+01:00
30,TrialITI,1.1,2024-04-02T15:25:39.1646080+01:00
30,StimOn,1,2024-04-02T15:25:40.2683136+01:00
30,StimOn,0,2024-04-02T15:25:41.2646272+01:00
30,PictureID,3,2024-04-02T15:25:41.2648448+01:00
30,TrialITI,1.4,2024-04-02T15:25:41.2649600+01:00
30,StimOn,1,2024-04-02T15:25:42.6686720+01:00
30,StimOn,0,2024-04-02T15:25:43.6649088+01:00
30,PictureID,9,2024-04-02T15:25:43.6650752+01:00
30,TrialITI,1.7,2024-04-02T15:25:43.6651520+01:00
30,StimOn,1,2024-04-02T15:25:45.3857536+01:00
30,StimOn,0,2024-04-02T15:25:46.3819264+01:00
31,PictureID,5,2024-04-02T15:25:46.3822848+01:00
31,TrialITI,1.6,2024-04-02T15:25:46.3823616+01:00
31,StimOn,1,2024-04-02T15:25:48.0029312+01:00
31,StimOn,0,2024-04-02T15:25:48.9989120+01:00
31,PictureID,3,2024-04-02T15:25:48.9991168+01:00
31,TrialITI,1.1,2024-04-02T15:25:48.9992192+01:00
31,StimOn,1,2024-04-02T15:25:50.1032064+01:00
31,StimOn,0,2024-04-02T15:25:51.0991744+01:00
31,PictureID,2,2024-04-02T15:25:51.0993408+01:00
31,TrialITI,1.3,2024-04-02T15:25:51.0994176+01:00
31,StimOn,1,2024-04-02T15:25:52.4035712+01:00
31,StimOn,0,2024-04-02T15:25:53.3994624+01:00
31,PictureID,4,2024-04-02T15:25:53.3996288+01:00
31,TrialITI,1,2024-04-02T15:25:53.3997184+01:00
31,StimOn,1,2024-04-02T15:25:54.4038272+01:00
31,StimOn,0,2024-04-02T15:25:55.3997056+01:00
31,PictureID,7,2024-04-02T15:25:55.3998720+01:00
31,TrialITI,1.1,2024-04-02T15:25:55.3999616+01:00
31,StimOn,1,2024-04-02T15:25:56.5041408+01:00
31,StimOn,0,2024-04-02T15:25:57.4999680+01:00
31,PictureID,0,2024-04-02T15:25:57.5001344+01:00
31,TrialITI,1.3,2024-04-02T15:25:57.5002240+01:00
31,StimOn,1,2024-04-02T15:25:58.8044800+01:00
31,StimOn,0,2024-04-02T15:25:59.8002560+01:00
31,PictureID,8,2024-04-02T15:25:59.8004224+01:00
31,TrialITI,1.9,2024-04-02T15:25:59.8004992+01:00
31,StimOn,1,2024-04-02T15:26:01.7217024+01:00
31,StimOn,0,2024-04-02T15:26:02.7172992+01:00
31,PictureID,6,2024-04-02T15:26:02.7174912+01:00
31,TrialITI,1.8,2024-04-02T15:26:02.7175808+01:00
31,StimOn,1,2024-04-02T15:26:04.5387264+01:00
31,StimOn,0,2024-04-02T15:26:05.5343104+01:00
31,PictureID,9,2024-04-02T15:26:05.5345408+01:00
31,TrialITI,1.4,2024-04-02T15:26:05.5346432+01:00
31,StimOn,1,2024-04-02T15:26:06.9390976+01:00
31,StimOn,0,2024-04-02T15:26:07.9346048+01:00
31,PictureID,1,2024-04-02T15:26:07.9347712+01:00
31,TrialITI,1.8,2024-04-02T15:26:07.9348608+01:00
31,StimOn,1,2024-04-02T15:26:09.7562240+01:00
31,StimOn,0,2024-04-02T15:26:10.7516160+01:00
32,PictureID,7,2024-04-02T15:26:10.7520000+01:00
32,TrialITI,1.6,2024-04-02T15:26:10.7520896+01:00
32,StimOn,1,2024-04-02T15:26:12.3734656+01:00
32,StimOn,0,2024-04-02T15:26:13.3686144+01:00
32,PictureID,8,2024-04-02T15:26:13.3687808+01:00
32,TrialITI,1.8,2024-04-02T15:26:13.3688704+01:00
32,StimOn,1,2024-04-02T15:26:15.1905024+01:00
32,StimOn,0,2024-04-02T15:26:16.1856384+01:00
32,PictureID,0,2024-04-02T15:26:16.1858432+01:00
32,TrialITI,1.4,2024-04-02T15:26:16.1859328+01:00
32,StimOn,1,2024-04-02T15:26:17.5908864+01:00
32,StimOn,0,2024-04-02T15:26:18.5859328+01:00
32,PictureID,4,2024-04-02T15:26:18.5861120+01:00
32,TrialITI,1.1,2024-04-02T15:26:18.5862016+01:00
32,StimOn,1,2024-04-02T15:26:19.6914048+01:00
32,StimOn,0,2024-04-02T15:26:20.6861952+01:00
32,PictureID,1,2024-04-02T15:26:20.6863616+01:00
32,TrialITI,1.2,2024-04-02T15:26:20.6864384+01:00
32,StimOn,1,2024-04-02T15:26:21.8916864+01:00
32,StimOn,0,2024-04-02T15:26:22.8864640+01:00
32,PictureID,3,2024-04-02T15:26:22.8866560+01:00
32,TrialITI,1.1,2024-04-02T15:26:22.8867456+01:00
32,StimOn,1,2024-04-02T15:26:23.9920384+01:00
32,StimOn,0,2024-04-02T15:26:24.9867264+01:00
32,PictureID,6,2024-04-02T15:26:24.9869056+01:00
32,TrialITI,1.2,2024-04-02T15:26:24.9870080+01:00
32,StimOn,1,2024-04-02T15:26:26.1923584+01:00
32,StimOn,0,2024-04-02T15:26:27.1869952+01:00
32,PictureID,5,2024-04-02T15:26:27.1871744+01:00
32,TrialITI,1.6,2024-04-02T15:26:27.1872512+01:00
32,StimOn,1,2024-04-02T15:26:28.8094976+01:00
32,StimOn,0,2024-04-02T15:26:29.8040064+01:00
32,PictureID,9,2024-04-02T15:26:29.8042112+01:00
32,TrialITI,1.1,2024-04-02T15:26:29.8043136+01:00
32,StimOn,1,2024-04-02T15:26:30.9097728+01:00
32,StimOn,0,2024-04-02T15:26:31.9042560+01:00
32,PictureID,2,2024-04-02T15:26:31.9044352+01:00
32,TrialITI,1.5,2024-04-02T15:26:31.9045248+01:00
32,StimOn,1,2024-04-02T15:26:33.4268160+01:00
32,StimOn,0,2024-04-02T15:26:34.4212480+01:00
33,PictureID,2,2024-04-02T15:26:34.4216576+01:00
33,TrialITI,1.6,2024-04-02T15:26:34.4217216+01:00
33,StimOn,1,2024-04-02T15:26:36.0439424+01:00
33,StimOn,0,2024-04-02T15:26:37.0382336+01:00
33,PictureID,0,2024-04-02T15:26:37.0383872+01:00
33,TrialITI,1.7,2024-04-02T15:26:37.0384768+01:00
33,StimOn,1,2024-04-02T15:26:38.7609728+01:00
33,StimOn,0,2024-04-02T15:26:39.7552384+01:00
33,PictureID,6,2024-04-02T15:26:39.7554432+01:00
33,TrialITI,1.1,2024-04-02T15:26:39.7555200+01:00
33,StimOn,1,2024-04-02T15:26:40.8613120+01:00
33,StimOn,0,2024-04-02T15:26:41.8555008+01:00
33,PictureID,7,2024-04-02T15:26:41.8556928+01:00
33,TrialITI,1.5,2024-04-02T15:26:41.8557696+01:00
33,StimOn,1,2024-04-02T15:26:43.3784448+01:00
33,StimOn,0,2024-04-02T15:26:44.3724800+01:00
33,PictureID,3,2024-04-02T15:26:44.3726464+01:00
33,TrialITI,1.6,2024-04-02T15:26:44.3727360+01:00
33,StimOn,1,2024-04-02T15:26:45.9954560+01:00
33,StimOn,0,2024-04-02T15:26:46.9894784+01:00
33,PictureID,4,2024-04-02T15:26:46.9896960+01:00
33,TrialITI,1.6,2024-04-02T15:26:46.9897984+01:00
33,StimOn,1,2024-04-02T15:26:48.6125184+01:00
33,StimOn,0,2024-04-02T15:26:49.6064512+01:00
33,PictureID,1,2024-04-02T15:26:49.6066304+01:00
33,TrialITI,1.1,2024-04-02T15:26:49.6074624+01:00
33,StimOn,1,2024-04-02T15:26:50.7129600+01:00
33,StimOn,0,2024-04-02T15:26:51.7067136+01:00
33,PictureID,5,2024-04-02T15:26:51.7068928+01:00
33,TrialITI,1.5,2024-04-02T15:26:51.7069696+01:00
33,StimOn,1,2024-04-02T15:26:53.2301184+01:00
33,StimOn,0,2024-04-02T15:26:54.2237056+01:00
33,PictureID,9,2024-04-02T15:26:54.2238720+01:00
33,TrialITI,1.8,2024-04-02T15:26:54.2239488+01:00
33,StimOn,1,2024-04-02T15:26:56.0472704+01:00
33,StimOn,0,2024-04-02T15:26:57.0407296+01:00
33,PictureID,8,2024-04-02T15:26:57.0409216+01:00
33,TrialITI,1,2024-04-02T15:26:57.0410112+01:00
33,StimOn,1,2024-04-02T15:26:58.0476160+01:00
33,StimOn,0,2024-04-02T15:26:59.0409600+01:00
34,PictureID,6,2024-04-02T15:26:59.0413312+01:00
34,TrialITI,1.1,2024-04-02T15:26:59.0414080+01:00
34,StimOn,1,2024-04-02T15:27:00.1480320+01:00
34,StimOn,0,2024-04-02T15:27:01.1412224+01:00
34,PictureID,9,2024-04-02T15:27:01.1414016+01:00
34,TrialITI,1,2024-04-02T15:27:01.1414784+01:00
34,StimOn,1,2024-04-02T15:27:02.1482496+01:00
34,StimOn,0,2024-04-02T15:27:03.1414784+01:00
34,PictureID,5,2024-04-02T15:27:03.1416448+01:00
34,TrialITI,1.6,2024-04-02T15:27:03.1417216+01:00
34,StimOn,1,2024-04-02T15:27:04.7653632+01:00
34,StimOn,0,2024-04-02T15:27:05.7584768+01:00
34,PictureID,3,2024-04-02T15:27:05.7586816+01:00
34,TrialITI,1.1,2024-04-02T15:27:05.7587840+01:00
34,StimOn,1,2024-04-02T15:27:06.8656896+01:00
34,StimOn,0,2024-04-02T15:27:07.8587264+01:00
34,PictureID,7,2024-04-02T15:27:07.8589184+01:00
34,TrialITI,1.2,2024-04-02T15:27:07.8589952+01:00
34,StimOn,1,2024-04-02T15:27:09.0660224+01:00
34,StimOn,0,2024-04-02T15:27:10.0590080+01:00
34,PictureID,0,2024-04-02T15:27:10.0591744+01:00
34,TrialITI,1.9,2024-04-02T15:27:10.0592512+01:00
34,StimOn,1,2024-04-02T15:27:11.9830912+01:00
34,StimOn,0,2024-04-02T15:27:12.9760384+01:00
34,PictureID,8,2024-04-02T15:27:12.9762176+01:00
34,TrialITI,1,2024-04-02T15:27:12.9762944+01:00
34,StimOn,1,2024-04-02T15:27:13.9833856+01:00
34,StimOn,0,2024-04-02T15:27:14.9762816+01:00
34,PictureID,4,2024-04-02T15:27:14.9764608+01:00
34,TrialITI,1,2024-04-02T15:27:14.9765504+01:00
34,StimOn,1,2024-04-02T15:27:15.9836544+01:00
34,StimOn,0,2024-04-02T15:27:16.9765376+01:00
34,PictureID,1,2024-04-02T15:27:16.9769216+01:00
34,TrialITI,1.5,2024-04-02T15:27:16.9770112+01:00
34,StimOn,1,2024-04-02T15:27:18.5006720+01:00
34,StimOn,0,2024-04-02T15:27:19.4935168+01:00
34,PictureID,2,2024-04-02T15:27:19.4936832+01:00
34,TrialITI,1.5,2024-04-02T15:27:19.4937728+01:00
34,StimOn,1,2024-04-02T15:27:21.0178560+01:00
34,StimOn,0,2024-04-02T15:27:22.0104960+01:00
35,PictureID,3,2024-04-02T15:27:22.0108672+01:00
35,TrialITI,1.4,2024-04-02T15:27:22.0109696+01:00
35,StimOn,1,2024-04-02T15:27:23.4182784+01:00
35,StimOn,0,2024-04-02T15:27:24.4107904+01:00
35,PictureID,5,2024-04-02T15:27:24.4109568+01:00
35,TrialITI,1.3,2024-04-02T15:27:24.4110464+01:00
35,StimOn,1,2024-04-02T15:27:25.7185152+01:00
35,StimOn,0,2024-04-02T15:27:26.7110784+01:00
35,PictureID,1,2024-04-02T15:27:26.7112448+01:00
35,TrialITI,1.4,2024-04-02T15:27:26.7113216+01:00
35,StimOn,1,2024-04-02T15:27:28.1188736+01:00
35,StimOn,0,2024-04-02T15:27:29.1113728+01:00
35,PictureID,7,2024-04-02T15:27:29.1115648+01:00
35,TrialITI,1.3,2024-04-02T15:27:29.1116672+01:00
35,StimOn,1,2024-04-02T15:27:30.4191872+01:00
35,StimOn,0,2024-04-02T15:27:31.4116608+01:00
35,PictureID,8,2024-04-02T15:27:31.4118528+01:00
35,TrialITI,1.1,2024-04-02T15:27:31.4119424+01:00
35,StimOn,1,2024-04-02T15:27:32.5194752+01:00
35,StimOn,0,2024-04-02T15:27:33.5119232+01:00
35,PictureID,6,2024-04-02T15:27:33.5120896+01:00
35,TrialITI,1.6,2024-04-02T15:27:33.5121792+01:00
35,StimOn,1,2024-04-02T15:27:35.1365504+01:00
35,StimOn,0,2024-04-02T15:27:36.1289088+01:00
35,PictureID,2,2024-04-02T15:27:36.1290880+01:00
35,TrialITI,1.3,2024-04-02T15:27:36.1291648+01:00
35,StimOn,1,2024-04-02T15:27:37.4369536+01:00
35,StimOn,0,2024-04-02T15:27:38.4292096+01:00
35,PictureID,0,2024-04-02T15:27:38.4293888+01:00
35,TrialITI,1.7,2024-04-02T15:27:38.4294784+01:00
35,StimOn,1,2024-04-02T15:27:40.1540352+01:00
35,StimOn,0,2024-04-02T15:27:41.1462144+01:00
35,PictureID,9,2024-04-02T15:27:41.1464064+01:00
35,TrialITI,1.3,2024-04-02T15:27:41.1464960+01:00
35,StimOn,1,2024-04-02T15:27:42.4544256+01:00
35,StimOn,0,2024-04-02T15:27:43.4464896+01:00
35,PictureID,4,2024-04-02T15:27:43.4466688+01:00
35,TrialITI,1.8,2024-04-02T15:27:43.4467456+01:00
35,StimOn,1,2024-04-02T15:27:45.2716672+01:00
35,StimOn,0,2024-04-02T15:27:46.2635136+01:00
36,PictureID,0,2024-04-02T15:27:46.2638720+01:00
36,TrialITI,1.6,2024-04-02T15:27:46.2639488+01:00
36,StimOn,1,2024-04-02T15:27:47.8886784+01:00
36,StimOn,0,2024-04-02T15:27:48.8805120+01:00
36,PictureID,5,2024-04-02T15:27:48.8806912+01:00
36,TrialITI,1,2024-04-02T15:27:48.8807808+01:00
36,StimOn,1,2024-04-02T15:27:49.8889344+01:00
36,StimOn,0,2024-04-02T15:27:50.8807680+01:00
36,PictureID,6,2024-04-02T15:27:50.8809984+01:00
36,TrialITI,1.3,2024-04-02T15:27:50.8810752+01:00
36,StimOn,1,2024-04-02T15:27:52.1909504+01:00
36,StimOn,0,2024-04-02T15:27:53.1810304+01:00
36,PictureID,9,2024-04-02T15:27:53.1812096+01:00
36,TrialITI,2,2024-04-02T15:27:53.1812736+01:00
36,StimOn,1,2024-04-02T15:27:55.2081664+01:00
36,StimOn,0,2024-04-02T15:27:56.1980928+01:00
36,PictureID,4,2024-04-02T15:27:56.1982976+01:00
36,TrialITI,1.2,2024-04-02T15:27:56.1984000+01:00
36,StimOn,1,2024-04-02T15:27:57.4084992+01:00
36,StimOn,0,2024-04-02T15:27:58.3983616+01:00
36,PictureID,7,2024-04-02T15:27:58.3985536+01:00
36,TrialITI,1.9,2024-04-02T15:27:58.3986432+01:00
36,StimOn,1,2024-04-02T15:28:00.3256448+01:00
36,StimOn,0,2024-04-02T15:28:01.3153792+01:00
36,PictureID,2,2024-04-02T15:28:01.3155584+01:00
36,TrialITI,2,2024-04-02T15:28:01.3156352+01:00
36,StimOn,1,2024-04-02T15:28:03.3427968+01:00
36,StimOn,0,2024-04-02T15:28:04.3324288+01:00
36,PictureID,3,2024-04-02T15:28:04.3326208+01:00
36,TrialITI,1.6,2024-04-02T15:28:04.3327104+01:00
36,StimOn,1,2024-04-02T15:28:05.9598592+01:00
36,StimOn,0,2024-04-02T15:28:06.9494144+01:00
36,PictureID,1,2024-04-02T15:28:06.9496064+01:00
36,TrialITI,1.5,2024-04-02T15:28:06.9496832+01:00
36,StimOn,1,2024-04-02T15:28:08.4770560+01:00
36,StimOn,0,2024-04-02T15:28:09.4664064+01:00
36,PictureID,8,2024-04-02T15:28:09.4665984+01:00
36,TrialITI,1.9,2024-04-02T15:28:09.4666752+01:00
36,StimOn,1,2024-04-02T15:28:11.3941632+01:00
36,StimOn,0,2024-04-02T15:28:12.3834240+01:00
37,PictureID,4,2024-04-02T15:28:12.3838080+01:00
37,TrialITI,1.4,2024-04-02T15:28:12.3839104+01:00
37,StimOn,1,2024-04-02T15:28:13.7947008+01:00
37,StimOn,0,2024-04-02T15:28:14.7837312+01:00
37,PictureID,5,2024-04-02T15:28:14.7838976+01:00
37,TrialITI,1.5,2024-04-02T15:28:14.7839744+01:00
37,StimOn,1,2024-04-02T15:28:16.3117312+01:00
37,StimOn,0,2024-04-02T15:28:17.3007104+01:00
37,PictureID,6,2024-04-02T15:28:17.3008896+01:00
37,TrialITI,1.7,2024-04-02T15:28:17.3009792+01:00
37,StimOn,1,2024-04-02T15:28:19.0288384+01:00
37,StimOn,0,2024-04-02T15:28:20.0177152+01:00
37,PictureID,7,2024-04-02T15:28:20.0179072+01:00
37,TrialITI,1.4,2024-04-02T15:28:20.0179968+01:00
37,StimOn,1,2024-04-02T15:28:21.4291584+01:00
37,StimOn,0,2024-04-02T15:28:22.4180352+01:00
37,PictureID,9,2024-04-02T15:28:22.4182144+01:00
37,TrialITI,1.2,2024-04-02T15:28:22.4183040+01:00
37,StimOn,1,2024-04-02T15:28:23.6295680+01:00
37,StimOn,0,2024-04-02T15:28:24.6182784+01:00
37,PictureID,8,2024-04-02T15:28:24.6184576+01:00
37,TrialITI,1.3,2024-04-02T15:28:24.6185472+01:00
37,StimOn,1,2024-04-02T15:28:25.9298560+01:00
37,StimOn,0,2024-04-02T15:28:26.9185792+01:00
37,PictureID,2,2024-04-02T15:28:26.9187712+01:00
37,TrialITI,1.9,2024-04-02T15:28:26.9188608+01:00
37,StimOn,1,2024-04-02T15:28:28.8469376+01:00
37,StimOn,0,2024-04-02T15:28:29.8355968+01:00
37,PictureID,3,2024-04-02T15:28:29.8357632+01:00
37,TrialITI,1.1,2024-04-02T15:28:29.8358400+01:00
37,StimOn,1,2024-04-02T15:28:30.9473024+01:00
37,StimOn,0,2024-04-02T15:28:31.9358592+01:00
37,PictureID,1,2024-04-02T15:28:31.9360256+01:00
37,TrialITI,1.6,2024-04-02T15:28:31.9361152+01:00
37,StimOn,1,2024-04-02T15:28:33.5643392+01:00
37,StimOn,0,2024-04-02T15:28:34.5528576+01:00
37,PictureID,0,2024-04-02T15:28:34.5530240+01:00
37,TrialITI,2,2024-04-02T15:28:34.5531008+01:00
37,StimOn,1,2024-04-02T15:28:36.5815168+01:00
37,StimOn,0,2024-04-02T15:28:37.5699072+01:00
38,PictureID,6,2024-04-02T15:28:37.5703808+01:00
38,TrialITI,1.2,2024-04-02T15:28:37.5704832+01:00
38,StimOn,1,2024-04-02T15:28:38.7818368+01:00
38,StimOn,0,2024-04-02T15:28:39.7701760+01:00
38,PictureID,2,2024-04-02T15:28:39.7703296+01:00
38,TrialITI,1.5,2024-04-02T15:28:39.7704192+01:00
38,StimOn,1,2024-04-02T15:28:41.2989056+01:00
38,StimOn,0,2024-04-02T15:28:42.2871552+01:00
38,PictureID,1,2024-04-02T15:28:42.2873088+01:00
38,TrialITI,1.8,2024-04-02T15:28:42.2873984+01:00
38,StimOn,1,2024-04-02T15:28:44.1159936+01:00
38,StimOn,0,2024-04-02T15:28:45.1041664+01:00
38,PictureID,3,2024-04-02T15:28:45.1043328+01:00
38,TrialITI,1.4,2024-04-02T15:28:45.1044224+01:00
38,StimOn,1,2024-04-02T15:28:46.5163520+01:00
38,StimOn,0,2024-04-02T15:28:47.5044864+01:00
38,PictureID,8,2024-04-02T15:28:47.5046912+01:00
38,TrialITI,1.1,2024-04-02T15:28:47.5048064+01:00
38,StimOn,1,2024-04-02T15:28:48.6166656+01:00
38,StimOn,0,2024-04-02T15:28:49.6047360+01:00
38,PictureID,0,2024-04-02T15:28:49.6049408+01:00
38,TrialITI,1.2,2024-04-02T15:28:49.6050432+01:00
38,StimOn,1,2024-04-02T15:28:50.8171520+01:00
38,StimOn,0,2024-04-02T15:28:51.8050048+01:00
38,PictureID,4,2024-04-02T15:28:51.8051712+01:00
38,TrialITI,1.8,2024-04-02T15:28:51.8052480+01:00
38,StimOn,1,2024-04-02T15:28:53.6342144+01:00
38,StimOn,0,2024-04-02T15:28:54.6220288+01:00
38,PictureID,7,2024-04-02T15:28:54.6222720+01:00
38,TrialITI,1.2,2024-04-02T15:28:54.6223872+01:00
38,StimOn,1,2024-04-02T15:28:55.8345600+01:00
38,StimOn,0,2024-04-02T15:28:56.8222976+01:00
38,PictureID,5,2024-04-02T15:28:56.8224512+01:00
38,TrialITI,1.6,2024-04-02T15:28:56.8225408+01:00
38,StimOn,1,2024-04-02T15:28:58.4516096+01:00
38,StimOn,0,2024-04-02T15:28:59.4392832+01:00
38,PictureID,9,2024-04-02T15:28:59.4394496+01:00
38,TrialITI,1.2,2024-04-02T15:28:59.4395392+01:00
38,StimOn,1,2024-04-02T15:29:00.6518912+01:00
38,StimOn,0,2024-04-02T15:29:01.6395648+01:00
39,PictureID,4,2024-04-02T15:29:01.6400640+01:00
39,TrialITI,1.2,2024-04-02T15:29:01.6401536+01:00
39,StimOn,1,2024-04-02T15:29:02.8522240+01:00
39,StimOn,0,2024-04-02T15:29:03.8398336+01:00
39,PictureID,9,2024-04-02T15:29:03.8400000+01:00
39,TrialITI,1.9,2024-04-02T15:29:03.8400896+01:00
39,StimOn,1,2024-04-02T15:29:05.7693184+01:00
39,StimOn,0,2024-04-02T15:29:06.7568640+01:00
39,PictureID,8,2024-04-02T15:29:06.7570560+01:00
39,TrialITI,1.7,2024-04-02T15:29:06.7571456+01:00
39,StimOn,1,2024-04-02T15:29:08.4864640+01:00
39,StimOn,0,2024-04-02T15:29:09.4738688+01:00
39,PictureID,1,2024-04-02T15:29:09.4740480+01:00
39,TrialITI,1.9,2024-04-02T15:29:09.4741376+01:00
39,StimOn,1,2024-04-02T15:29:11.4035456+01:00
39,StimOn,0,2024-04-02T15:29:12.3908992+01:00
39,PictureID,3,2024-04-02T15:29:12.3912192+01:00
39,TrialITI,1.7,2024-04-02T15:29:12.3915904+01:00
39,StimOn,1,2024-04-02T15:29:14.1205632+01:00
39,StimOn,0,2024-04-02T15:29:15.1079168+01:00
39,PictureID,0,2024-04-02T15:29:15.1081600+01:00
39,TrialITI,1.6,2024-04-02T15:29:15.1082624+01:00
39,StimOn,1,2024-04-02T15:29:16.7376128+01:00
39,StimOn,0,2024-04-02T15:29:17.7248896+01:00
39,PictureID,5,2024-04-02T15:29:17.7250560+01:00
39,TrialITI,2,2024-04-02T15:29:17.7251712+01:00
39,StimOn,1,2024-04-02T15:29:19.7546752+01:00
39,StimOn,0,2024-04-02T15:29:20.7419392+01:00
39,PictureID,2,2024-04-02T15:29:20.7421184+01:00
39,TrialITI,2,2024-04-02T15:29:20.7422080+01:00
39,StimOn,1,2024-04-02T15:29:22.7718016+01:00
39,StimOn,0,2024-04-02T15:29:23.7589888+01:00
39,PictureID,6,2024-04-02T15:29:23.7591808+01:00
39,TrialITI,1,2024-04-02T15:29:23.7592704+01:00
39,StimOn,1,2024-04-02T15:29:24.7721344+01:00
39,StimOn,0,2024-04-02T15:29:25.7592320+01:00
39,PictureID,7,2024-04-02T15:29:25.7594624+01:00
39,TrialITI,2,2024-04-02T15:29:25.7595904+01:00
39,StimOn,1,2024-04-02T15:29:27.7892096+01:00
39,StimOn,0,2024-04-02T15:29:28.7762688+01:00
40,PictureID,6,2024-04-02T15:29:28.7767808+01:00
40,TrialITI,1.4,2024-04-02T15:29:28.7769344+01:00
40,StimOn,1,2024-04-02T15:29:30.1897088+01:00
40,StimOn,0,2024-04-02T15:29:31.1765760+01:00
40,PictureID,3,2024-04-02T15:29:31.1767424+01:00
40,TrialITI,1.5,2024-04-02T15:29:31.1768320+01:00
40,StimOn,1,2024-04-02T15:29:32.7068032+01:00
40,StimOn,0,2024-04-02T15:29:33.6935552+01:00
40,PictureID,4,2024-04-02T15:29:33.6937856+01:00
40,TrialITI,1.6,2024-04-02T15:29:33.6939776+01:00
40,StimOn,1,2024-04-02T15:29:35.3239168+01:00
40,StimOn,0,2024-04-02T15:29:36.3105408+01:00
40,PictureID,5,2024-04-02T15:29:36.3108352+01:00
40,TrialITI,1.5,2024-04-02T15:29:36.3109120+01:00
40,StimOn,1,2024-04-02T15:29:37.8408832+01:00
40,StimOn,0,2024-04-02T15:29:38.8275200+01:00
40,PictureID,1,2024-04-02T15:29:38.8283136+01:00
40,TrialITI,1.9,2024-04-02T15:29:38.8284032+01:00
40,StimOn,1,2024-04-02T15:29:40.7579776+01:00
40,StimOn,0,2024-04-02T15:29:41.7445504+01:00
40,PictureID,8,2024-04-02T15:29:41.7447296+01:00
40,TrialITI,1.2,2024-04-02T15:29:41.7448064+01:00
40,StimOn,1,2024-04-02T15:29:42.9582848+01:00
40,StimOn,0,2024-04-02T15:29:43.9448320+01:00
40,PictureID,0,2024-04-02T15:29:43.9450240+01:00
40,TrialITI,1.8,2024-04-02T15:29:43.9451136+01:00
40,StimOn,1,2024-04-02T15:29:45.7753216+01:00
40,StimOn,0,2024-04-02T15:29:46.7618432+01:00
40,PictureID,7,2024-04-02T15:29:46.7620096+01:00
40,TrialITI,1.5,2024-04-02T15:29:46.7620992+01:00
40,StimOn,1,2024-04-02T15:29:48.2923264+01:00
40,StimOn,0,2024-04-02T15:29:49.2788224+01:00
40,PictureID,9,2024-04-02T15:29:49.2790016+01:00
40,TrialITI,1.4,2024-04-02T15:29:49.2790784+01:00
40,StimOn,1,2024-04-02T15:29:50.6926720+01:00
40,StimOn,0,2024-04-02T15:29:51.6791296+01:00
40,PictureID,2,2024-04-02T15:29:51.6795136+01:00
40,TrialITI,2,2024-04-02T15:29:51.6796288+01:00
40,StimOn,1,2024-04-02T15:29:53.7097728+01:00
40,StimOn,0,2024-04-02T15:29:54.6961664+01:00
41,PictureID,8,2024-04-02T15:29:54.6965504+01:00
41,TrialITI,1.9,2024-04-02T15:29:54.6966272+01:00
41,StimOn,1,2024-04-02T15:29:56.6269056+01:00
41,StimOn,0,2024-04-02T15:29:57.6132096+01:00
41,PictureID,7,2024-04-02T15:29:57.6134016+01:00
41,TrialITI,1.6,2024-04-02T15:29:57.6134912+01:00
41,StimOn,1,2024-04-02T15:29:59.2439040+01:00
41,StimOn,0,2024-04-02T15:30:00.2302080+01:00
41,PictureID,6,2024-04-02T15:30:00.2304512+01:00
41,TrialITI,1.6,2024-04-02T15:30:00.2305536+01:00
41,StimOn,1,2024-04-02T15:30:01.8624512+01:00
41,StimOn,0,2024-04-02T15:30:02.8471936+01:00
41,PictureID,1,2024-04-02T15:30:02.8473728+01:00
41,TrialITI,1.9,2024-04-02T15:30:02.8474752+01:00
41,StimOn,1,2024-04-02T15:30:04.7796480+01:00
41,StimOn,0,2024-04-02T15:30:05.7642240+01:00
41,PictureID,5,2024-04-02T15:30:05.7644416+01:00
41,TrialITI,1.7,2024-04-02T15:30:05.7645568+01:00
41,StimOn,1,2024-04-02T15:30:07.4967168+01:00
41,StimOn,0,2024-04-02T15:30:08.4812160+01:00
41,PictureID,4,2024-04-02T15:30:08.4814208+01:00
41,TrialITI,1.8,2024-04-02T15:30:08.4815104+01:00
41,StimOn,1,2024-04-02T15:30:10.3137792+01:00
41,StimOn,0,2024-04-02T15:30:11.2982400+01:00
41,PictureID,0,2024-04-02T15:30:11.2984320+01:00
41,TrialITI,1.2,2024-04-02T15:30:11.2985216+01:00
41,StimOn,1,2024-04-02T15:30:12.5140608+01:00
41,StimOn,0,2024-04-02T15:30:13.4985088+01:00
41,PictureID,3,2024-04-02T15:30:13.4986880+01:00
41,TrialITI,1.9,2024-04-02T15:30:13.4987648+01:00
41,StimOn,1,2024-04-02T15:30:15.4312960+01:00
41,StimOn,0,2024-04-02T15:30:16.4155392+01:00
41,PictureID,2,2024-04-02T15:30:16.4157056+01:00
41,TrialITI,1.3,2024-04-02T15:30:16.4157952+01:00
41,StimOn,1,2024-04-02T15:30:17.7316224+01:00
41,StimOn,0,2024-04-02T15:30:18.7158272+01:00
41,PictureID,9,2024-04-02T15:30:18.7159936+01:00
41,TrialITI,1.4,2024-04-02T15:30:18.7160704+01:00
41,StimOn,1,2024-04-02T15:30:20.1319552+01:00
41,StimOn,0,2024-04-02T15:30:21.1161216+01:00
42,PictureID,6,2024-04-02T15:30:21.1165056+01:00
42,TrialITI,1,2024-04-02T15:30:21.1165952+01:00
42,StimOn,1,2024-04-02T15:30:22.1322496+01:00
42,StimOn,0,2024-04-02T15:30:23.1163648+01:00
42,PictureID,1,2024-04-02T15:30:23.1165312+01:00
42,TrialITI,1.9,2024-04-02T15:30:23.1166208+01:00
42,StimOn,1,2024-04-02T15:30:25.0493952+01:00
42,StimOn,0,2024-04-02T15:30:26.0334080+01:00
42,PictureID,7,2024-04-02T15:30:26.0336768+01:00
42,TrialITI,1.1,2024-04-02T15:30:26.0338304+01:00
42,StimOn,1,2024-04-02T15:30:27.1497216+01:00
42,StimOn,0,2024-04-02T15:30:28.1336704+01:00
42,PictureID,8,2024-04-02T15:30:28.1338496+01:00
42,TrialITI,1.4,2024-04-02T15:30:28.1339392+01:00
42,StimOn,1,2024-04-02T15:30:29.5500544+01:00
42,StimOn,0,2024-04-02T15:30:30.5339648+01:00
42,PictureID,2,2024-04-02T15:30:30.5341312+01:00
42,TrialITI,1.8,2024-04-02T15:30:30.5342208+01:00
42,StimOn,1,2024-04-02T15:30:32.3672832+01:00
42,StimOn,0,2024-04-02T15:30:33.3513216+01:00
42,PictureID,4,2024-04-02T15:30:33.3515008+01:00
42,TrialITI,1.3,2024-04-02T15:30:33.3515904+01:00
42,StimOn,1,2024-04-02T15:30:34.6676352+01:00
42,StimOn,0,2024-04-02T15:30:35.6514816+01:00
42,PictureID,9,2024-04-02T15:30:35.6516608+01:00
42,TrialITI,1.3,2024-04-02T15:30:35.6517504+01:00
42,StimOn,1,2024-04-02T15:30:36.9679232+01:00
42,StimOn,0,2024-04-02T15:30:37.9520640+01:00
42,PictureID,5,2024-04-02T15:30:37.9522560+01:00
42,TrialITI,1,2024-04-02T15:30:37.9523456+01:00
42,StimOn,1,2024-04-02T15:30:38.9682048+01:00
42,StimOn,0,2024-04-02T15:30:39.9521664+01:00
42,PictureID,0,2024-04-02T15:30:39.9523328+01:00
42,TrialITI,1.3,2024-04-02T15:30:39.9525248+01:00
42,StimOn,1,2024-04-02T15:30:41.2524928+01:00
42,StimOn,0,2024-04-02T15:30:42.2520960+01:00
42,PictureID,3,2024-04-02T15:30:42.2523264+01:00
42,TrialITI,1.4,2024-04-02T15:30:42.2524288+01:00
42,StimOn,1,2024-04-02T15:30:43.6533760+01:00
42,StimOn,0,2024-04-02T15:30:44.6523776+01:00
43,PictureID,1,2024-04-02T15:30:44.6527360+01:00
43,TrialITI,1,2024-04-02T15:30:44.6528128+01:00
43,StimOn,1,2024-04-02T15:30:45.6537088+01:00
43,StimOn,0,2024-04-02T15:30:46.6526464+01:00
43,PictureID,6,2024-04-02T15:30:46.6528256+01:00
43,TrialITI,1,2024-04-02T15:30:46.6529152+01:00
43,StimOn,1,2024-04-02T15:30:47.6539776+01:00
43,StimOn,0,2024-04-02T15:30:48.6528896+01:00
43,PictureID,3,2024-04-02T15:30:48.6530816+01:00
43,TrialITI,2,2024-04-02T15:30:48.6531712+01:00
43,StimOn,1,2024-04-02T15:30:50.6711424+01:00
43,StimOn,0,2024-04-02T15:30:51.6699392+01:00
43,PictureID,5,2024-04-02T15:30:51.6701440+01:00
43,TrialITI,1.4,2024-04-02T15:30:51.6702464+01:00
43,StimOn,1,2024-04-02T15:30:53.0715776+01:00
43,StimOn,0,2024-04-02T15:30:54.0702208+01:00
43,PictureID,8,2024-04-02T15:30:54.0704128+01:00
43,TrialITI,1.1,2024-04-02T15:30:54.0705152+01:00
43,StimOn,1,2024-04-02T15:30:55.1718912+01:00
43,StimOn,0,2024-04-02T15:30:56.1704832+01:00
43,PictureID,4,2024-04-02T15:30:56.1706496+01:00
43,TrialITI,1,2024-04-02T15:30:56.1707264+01:00
43,StimOn,1,2024-04-02T15:30:57.1721600+01:00
43,StimOn,0,2024-04-02T15:30:58.1707392+01:00
43,PictureID,9,2024-04-02T15:30:58.1709056+01:00
43,TrialITI,1.2,2024-04-02T15:30:58.1709824+01:00
43,StimOn,1,2024-04-02T15:30:59.3724800+01:00
43,StimOn,0,2024-04-02T15:31:00.3710080+01:00
43,PictureID,0,2024-04-02T15:31:00.3711744+01:00
43,TrialITI,1.4,2024-04-02T15:31:00.3712640+01:00
43,StimOn,1,2024-04-02T15:31:01.7728512+01:00
43,StimOn,0,2024-04-02T15:31:02.7713280+01:00
43,PictureID,2,2024-04-02T15:31:02.7715200+01:00
43,TrialITI,1.1,2024-04-02T15:31:02.7716096+01:00
43,StimOn,1,2024-04-02T15:31:03.8731392+01:00
43,StimOn,0,2024-04-02T15:31:04.8715648+01:00
43,PictureID,7,2024-04-02T15:31:04.8717440+01:00
43,TrialITI,1.3,2024-04-02T15:31:04.8718208+01:00
43,StimOn,1,2024-04-02T15:31:06.1734656+01:00
43,StimOn,0,2024-04-02T15:31:07.1718528+01:00
44,PictureID,9,2024-04-02T15:31:07.1723392+01:00
44,TrialITI,1.4,2024-04-02T15:31:07.1724288+01:00
44,StimOn,1,2024-04-02T15:31:08.5739136+01:00
44,StimOn,0,2024-04-02T15:31:09.5721856+01:00
44,PictureID,3,2024-04-02T15:31:09.5724672+01:00
44,TrialITI,1.7,2024-04-02T15:31:09.5726080+01:00
44,StimOn,1,2024-04-02T15:31:11.2909696+01:00
44,StimOn,0,2024-04-02T15:31:12.2891520+01:00
44,PictureID,5,2024-04-02T15:31:12.2893184+01:00
44,TrialITI,1.8,2024-04-02T15:31:12.2893952+01:00
44,StimOn,1,2024-04-02T15:31:14.1081344+01:00
44,StimOn,0,2024-04-02T15:31:15.1061760+01:00
44,PictureID,2,2024-04-02T15:31:15.1063680+01:00
44,TrialITI,1.9,2024-04-02T15:31:15.1064704+01:00
44,StimOn,1,2024-04-02T15:31:17.0252672+01:00
44,StimOn,0,2024-04-02T15:31:18.0232064+01:00
44,PictureID,4,2024-04-02T15:31:18.0233984+01:00
44,TrialITI,1,2024-04-02T15:31:18.0234880+01:00
44,StimOn,1,2024-04-02T15:31:19.0255488+01:00
44,StimOn,0,2024-04-02T15:31:20.0234624+01:00
44,PictureID,8,2024-04-02T15:31:20.0236672+01:00
44,TrialITI,1.1,2024-04-02T15:31:20.0237568+01:00
44,StimOn,1,2024-04-02T15:31:21.1258880+01:00
44,StimOn,0,2024-04-02T15:31:22.1237120+01:00
44,PictureID,0,2024-04-02T15:31:22.1238912+01:00
44,TrialITI,1.4,2024-04-02T15:31:22.1239680+01:00
44,StimOn,1,2024-04-02T15:31:23.5262464+01:00
44,StimOn,0,2024-04-02T15:31:24.5240192+01:00
44,PictureID,1,2024-04-02T15:31:24.5241856+01:00
44,TrialITI,1.2,2024-04-02T15:31:24.5242624+01:00
44,StimOn,1,2024-04-02T15:31:25.7265408+01:00
44,StimOn,0,2024-04-02T15:31:26.7243008+01:00
44,PictureID,7,2024-04-02T15:31:26.7244800+01:00
44,TrialITI,1.4,2024-04-02T15:31:26.7245696+01:00
44,StimOn,1,2024-04-02T15:31:28.1273856+01:00
44,StimOn,0,2024-04-02T15:31:29.1245824+01:00
44,PictureID,6,2024-04-02T15:31:29.1247616+01:00
44,TrialITI,1.1,2024-04-02T15:31:29.1248384+01:00
44,StimOn,1,2024-04-02T15:31:30.2276992+01:00
44,StimOn,0,2024-04-02T15:31:31.2248448+01:00
45,PictureID,8,2024-04-02T15:31:31.2252416+01:00
45,TrialITI,1.6,2024-04-02T15:31:31.2253312+01:00
45,StimOn,1,2024-04-02T15:31:32.8447232+01:00
45,StimOn,0,2024-04-02T15:31:33.8418944+01:00
45,PictureID,5,2024-04-02T15:31:33.8421376+01:00
45,TrialITI,1.8,2024-04-02T15:31:33.8422400+01:00
45,StimOn,1,2024-04-02T15:31:35.6618624+01:00
45,StimOn,0,2024-04-02T15:31:36.6588672+01:00
45,PictureID,0,2024-04-02T15:31:36.6590592+01:00
45,TrialITI,2,2024-04-02T15:31:36.6591488+01:00
45,StimOn,1,2024-04-02T15:31:38.6788864+01:00
45,StimOn,0,2024-04-02T15:31:39.6759040+01:00
45,PictureID,4,2024-04-02T15:31:39.6760704+01:00
45,TrialITI,1.8,2024-04-02T15:31:39.6761728+01:00
45,StimOn,1,2024-04-02T15:31:41.4959488+01:00
45,StimOn,0,2024-04-02T15:31:42.4929152+01:00
45,PictureID,7,2024-04-02T15:31:42.4931328+01:00
45,TrialITI,1,2024-04-02T15:31:42.4932480+01:00
45,StimOn,1,2024-04-02T15:31:43.4962560+01:00
45,StimOn,0,2024-04-02T15:31:44.4931712+01:00
45,PictureID,9,2024-04-02T15:31:44.4933760+01:00
45,TrialITI,1.8,2024-04-02T15:31:44.4934528+01:00
45,StimOn,1,2024-04-02T15:31:46.3133056+01:00
45,StimOn,0,2024-04-02T15:31:47.3101824+01:00
45,PictureID,2,2024-04-02T15:31:47.3105280+01:00
45,TrialITI,1.5,2024-04-02T15:31:47.3107072+01:00
45,StimOn,1,2024-04-02T15:31:48.8303616+01:00
45,StimOn,0,2024-04-02T15:31:49.8271616+01:00
45,PictureID,3,2024-04-02T15:31:49.8274048+01:00
45,TrialITI,1.9,2024-04-02T15:31:49.8274944+01:00
45,StimOn,1,2024-04-02T15:31:51.7475712+01:00
45,StimOn,0,2024-04-02T15:31:52.7441920+01:00
45,PictureID,6,2024-04-02T15:31:52.7443840+01:00
45,TrialITI,1.1,2024-04-02T15:31:52.7446144+01:00
45,StimOn,1,2024-04-02T15:31:53.8478592+01:00
45,StimOn,0,2024-04-02T15:31:54.8444672+01:00
45,PictureID,1,2024-04-02T15:31:54.8446720+01:00
45,TrialITI,1.8,2024-04-02T15:31:54.8448512+01:00
45,StimOn,1,2024-04-02T15:31:56.6649856+01:00
45,StimOn,0,2024-04-02T15:31:57.6614784+01:00
46,PictureID,7,2024-04-02T15:31:57.6620288+01:00
46,TrialITI,1,2024-04-02T15:31:57.6622080+01:00
46,StimOn,1,2024-04-02T15:31:58.6652672+01:00
46,StimOn,0,2024-04-02T15:31:59.6617216+01:00
46,PictureID,5,2024-04-02T15:31:59.6620032+01:00
46,TrialITI,1.8,2024-04-02T15:31:59.6622336+01:00
46,StimOn,1,2024-04-02T15:32:01.4830336+01:00
46,StimOn,0,2024-04-02T15:32:02.4787456+01:00
46,PictureID,8,2024-04-02T15:32:02.4789376+01:00
46,TrialITI,1.6,2024-04-02T15:32:02.4790272+01:00
46,StimOn,1,2024-04-02T15:32:04.1002112+01:00
46,StimOn,0,2024-04-02T15:32:05.0957440+01:00
46,PictureID,9,2024-04-02T15:32:05.0959232+01:00
46,TrialITI,1.1,2024-04-02T15:32:05.0960384+01:00
46,StimOn,1,2024-04-02T15:32:06.2005248+01:00
46,StimOn,0,2024-04-02T15:32:07.1959936+01:00
46,PictureID,4,2024-04-02T15:32:07.1961856+01:00
46,TrialITI,1.9,2024-04-02T15:32:07.1962624+01:00
46,StimOn,1,2024-04-02T15:32:09.1176448+01:00
46,StimOn,0,2024-04-02T15:32:10.1130240+01:00
46,PictureID,3,2024-04-02T15:32:10.1132672+01:00
46,TrialITI,1.2,2024-04-02T15:32:10.1133952+01:00
46,StimOn,1,2024-04-02T15:32:11.3180288+01:00
46,StimOn,0,2024-04-02T15:32:12.3133056+01:00
46,PictureID,2,2024-04-02T15:32:12.3135360+01:00
46,TrialITI,1.3,2024-04-02T15:32:12.3136512+01:00
46,StimOn,1,2024-04-02T15:32:13.6183936+01:00
46,StimOn,0,2024-04-02T15:32:14.6135808+01:00
46,PictureID,0,2024-04-02T15:32:14.6137984+01:00
46,TrialITI,1.7,2024-04-02T15:32:14.6139008+01:00
46,StimOn,1,2024-04-02T15:32:16.3354624+01:00
46,StimOn,0,2024-04-02T15:32:17.3305984+01:00
46,PictureID,6,2024-04-02T15:32:17.3307776+01:00
46,TrialITI,1,2024-04-02T15:32:17.3309440+01:00
46,StimOn,1,2024-04-02T15:32:18.3358976+01:00
46,StimOn,0,2024-04-02T15:32:19.3308416+01:00
46,PictureID,1,2024-04-02T15:32:19.3311232+01:00
46,TrialITI,1.7,2024-04-02T15:32:19.3312640+01:00
46,StimOn,1,2024-04-02T15:32:21.0529024+01:00
46,StimOn,0,2024-04-02T15:32:22.0478592+01:00
47,PictureID,0,2024-04-02T15:32:22.0484480+01:00
47,TrialITI,2,2024-04-02T15:32:22.0485376+01:00
47,StimOn,1,2024-04-02T15:32:24.0700928+01:00
47,StimOn,0,2024-04-02T15:32:25.0648832+01:00
47,PictureID,1,2024-04-02T15:32:25.0651392+01:00
47,TrialITI,1.6,2024-04-02T15:32:25.0652928+01:00
47,StimOn,1,2024-04-02T15:32:26.6871168+01:00
47,StimOn,0,2024-04-02T15:32:27.6818816+01:00
47,PictureID,8,2024-04-02T15:32:27.6820864+01:00
47,TrialITI,1,2024-04-02T15:32:27.6821760+01:00
47,StimOn,1,2024-04-02T15:32:28.6875136+01:00
47,StimOn,0,2024-04-02T15:32:29.6821248+01:00
47,PictureID,2,2024-04-02T15:32:29.6823040+01:00
47,TrialITI,1.7,2024-04-02T15:32:29.6823936+01:00
47,StimOn,1,2024-04-02T15:32:31.4047104+01:00
47,StimOn,0,2024-04-02T15:32:32.3991808+01:00
47,PictureID,5,2024-04-02T15:32:32.3995520+01:00
47,TrialITI,1.6,2024-04-02T15:32:32.3996672+01:00
47,StimOn,1,2024-04-02T15:32:34.0218880+01:00
47,StimOn,0,2024-04-02T15:32:35.0161280+01:00
47,PictureID,6,2024-04-02T15:32:35.0163072+01:00
47,TrialITI,1.4,2024-04-02T15:32:35.0163968+01:00
47,StimOn,1,2024-04-02T15:32:36.4222208+01:00
47,StimOn,0,2024-04-02T15:32:37.4164224+01:00
47,PictureID,3,2024-04-02T15:32:37.4166400+01:00
47,TrialITI,1.8,2024-04-02T15:32:37.4167680+01:00
47,StimOn,1,2024-04-02T15:32:39.2392960+01:00
47,StimOn,0,2024-04-02T15:32:40.2334464+01:00
47,PictureID,7,2024-04-02T15:32:40.2337664+01:00
47,TrialITI,1.3,2024-04-02T15:32:40.2338560+01:00
47,StimOn,1,2024-04-02T15:32:41.5396864+01:00
47,StimOn,0,2024-04-02T15:32:42.5337344+01:00
47,PictureID,9,2024-04-02T15:32:42.5339776+01:00
47,TrialITI,1.1,2024-04-02T15:32:42.5340928+01:00
47,StimOn,1,2024-04-02T15:32:43.6399872+01:00
47,StimOn,0,2024-04-02T15:32:44.6339968+01:00
47,PictureID,4,2024-04-02T15:32:44.6341760+01:00
47,TrialITI,1.2,2024-04-02T15:32:44.6342656+01:00
47,StimOn,1,2024-04-02T15:32:45.8403584+01:00
47,StimOn,0,2024-04-02T15:32:46.8342656+01:00
48,PictureID,9,2024-04-02T15:32:46.8348288+01:00
48,TrialITI,1.7,2024-04-02T15:32:46.8349056+01:00
48,StimOn,1,2024-04-02T15:32:48.5573632+01:00
48,StimOn,0,2024-04-02T15:32:49.5512704+01:00
48,PictureID,0,2024-04-02T15:32:49.5515008+01:00
48,TrialITI,1.6,2024-04-02T15:32:49.5516032+01:00
48,StimOn,1,2024-04-02T15:32:51.1745024+01:00
48,StimOn,0,2024-04-02T15:32:52.1682688+01:00
48,PictureID,1,2024-04-02T15:32:52.1684736+01:00
48,TrialITI,1.7,2024-04-02T15:32:52.1685760+01:00
48,StimOn,1,2024-04-02T15:32:53.8919808+01:00
48,StimOn,0,2024-04-02T15:32:54.8852736+01:00
48,PictureID,6,2024-04-02T15:32:54.8854656+01:00
48,TrialITI,1.6,2024-04-02T15:32:54.8855552+01:00
48,StimOn,1,2024-04-02T15:32:56.5092096+01:00
48,StimOn,0,2024-04-02T15:32:57.5022592+01:00
48,PictureID,4,2024-04-02T15:32:57.5024384+01:00
48,TrialITI,2,2024-04-02T15:32:57.5025152+01:00
48,StimOn,1,2024-04-02T15:32:59.5263232+01:00
48,StimOn,0,2024-04-02T15:33:00.5193216+01:00
48,PictureID,8,2024-04-02T15:33:00.5194880+01:00
48,TrialITI,2,2024-04-02T15:33:00.5195904+01:00
48,StimOn,1,2024-04-02T15:33:02.5434112+01:00
48,StimOn,0,2024-04-02T15:33:03.5363456+01:00
48,PictureID,3,2024-04-02T15:33:03.5365248+01:00
48,TrialITI,2,2024-04-02T15:33:03.5366144+01:00
48,StimOn,1,2024-04-02T15:33:05.5607168+01:00
48,StimOn,0,2024-04-02T15:33:06.5534592+01:00
48,PictureID,5,2024-04-02T15:33:06.5536896+01:00
48,TrialITI,1.6,2024-04-02T15:33:06.5537920+01:00
48,StimOn,1,2024-04-02T15:33:08.1777536+01:00
48,StimOn,0,2024-04-02T15:33:09.1703808+01:00
48,PictureID,2,2024-04-02T15:33:09.1705472+01:00
48,TrialITI,1.7,2024-04-02T15:33:09.1706240+01:00
48,StimOn,1,2024-04-02T15:33:10.8948096+01:00
48,StimOn,0,2024-04-02T15:33:11.8873856+01:00
48,PictureID,7,2024-04-02T15:33:11.8875904+01:00
48,TrialITI,1,2024-04-02T15:33:11.8876928+01:00
48,StimOn,1,2024-04-02T15:33:12.8951552+01:00
48,StimOn,0,2024-04-02T15:33:13.8876288+01:00
49,PictureID,7,2024-04-02T15:33:13.8880256+01:00
49,TrialITI,1.5,2024-04-02T15:33:13.8881152+01:00
49,StimOn,1,2024-04-02T15:33:15.4123392+01:00
49,StimOn,0,2024-04-02T15:33:16.4046080+01:00
49,PictureID,9,2024-04-02T15:33:16.4047744+01:00
49,TrialITI,1.8,2024-04-02T15:33:16.4048512+01:00
49,StimOn,1,2024-04-02T15:33:18.2294656+01:00
49,StimOn,0,2024-04-02T15:33:19.2216192+01:00
49,PictureID,5,2024-04-02T15:33:19.2217856+01:00
49,TrialITI,1.1,2024-04-02T15:33:19.2218752+01:00
49,StimOn,1,2024-04-02T15:33:20.3298176+01:00
49,StimOn,0,2024-04-02T15:33:21.3218816+01:00
49,PictureID,1,2024-04-02T15:33:21.3220608+01:00
49,TrialITI,1.4,2024-04-02T15:33:21.3221504+01:00
49,StimOn,1,2024-04-02T15:33:22.7301632+01:00
49,StimOn,0,2024-04-02T15:33:23.7222016+01:00
49,PictureID,4,2024-04-02T15:33:23.7223936+01:00
49,TrialITI,1.2,2024-04-02T15:33:23.7224960+01:00
49,StimOn,1,2024-04-02T15:33:24.9304960+01:00
49,StimOn,0,2024-04-02T15:33:25.9224576+01:00
49,PictureID,2,2024-04-02T15:33:25.9226368+01:00
49,TrialITI,1.4,2024-04-02T15:33:25.9227136+01:00
49,StimOn,1,2024-04-02T15:33:27.3308416+01:00
49,StimOn,0,2024-04-02T15:33:28.3227648+01:00
49,PictureID,0,2024-04-02T15:33:28.3229696+01:00
49,TrialITI,1.4,2024-04-02T15:33:28.3230464+01:00
49,StimOn,1,2024-04-02T15:33:29.7311872+01:00
49,StimOn,0,2024-04-02T15:33:30.7230848+01:00
49,PictureID,8,2024-04-02T15:33:30.7232896+01:00
49,TrialITI,1.9,2024-04-02T15:33:30.7233920+01:00
49,StimOn,1,2024-04-02T15:33:32.6483328+01:00
49,StimOn,0,2024-04-02T15:33:33.6401024+01:00
49,PictureID,6,2024-04-02T15:33:33.6405120+01:00
49,TrialITI,1.9,2024-04-02T15:33:33.6406528+01:00
49,StimOn,1,2024-04-02T15:33:35.5653888+01:00
49,StimOn,0,2024-04-02T15:33:36.5571200+01:00
49,PictureID,3,2024-04-02T15:33:36.5572864+01:00
49,TrialITI,1.2,2024-04-02T15:33:36.5573760+01:00
49,StimOn,1,2024-04-02T15:33:37.7657088+01:00
49,StimOn,0,2024-04-02T15:33:38.7573888+01:00
50,PictureID,9,2024-04-02T15:33:38.7578752+01:00
50,TrialITI,1.6,2024-04-02T15:33:38.7579648+01:00
50,StimOn,1,2024-04-02T15:33:40.3827584+01:00
50,StimOn,0,2024-04-02T15:33:41.3744000+01:00
50,PictureID,7,2024-04-02T15:33:41.3745664+01:00
50,TrialITI,1.4,2024-04-02T15:33:41.3746560+01:00
50,StimOn,1,2024-04-02T15:33:42.7830784+01:00
50,StimOn,0,2024-04-02T15:33:43.7746944+01:00
50,PictureID,1,2024-04-02T15:33:43.7748864+01:00
50,TrialITI,2,2024-04-02T15:33:43.7749760+01:00
50,StimOn,1,2024-04-02T15:33:45.8001664+01:00
50,StimOn,0,2024-04-02T15:33:46.7917184+01:00
50,PictureID,3,2024-04-02T15:33:46.7918848+01:00
50,TrialITI,1.2,2024-04-02T15:33:46.7919744+01:00
50,StimOn,1,2024-04-02T15:33:48.0005504+01:00
50,StimOn,0,2024-04-02T15:33:48.9920000+01:00
50,PictureID,4,2024-04-02T15:33:48.9921920+01:00
50,TrialITI,1.9,2024-04-02T15:33:48.9922944+01:00
50,StimOn,1,2024-04-02T15:33:50.9176704+01:00
50,StimOn,0,2024-04-02T15:33:51.9090304+01:00
50,PictureID,2,2024-04-02T15:33:51.9091968+01:00
50,TrialITI,1.9,2024-04-02T15:33:51.9092864+01:00
50,StimOn,1,2024-04-02T15:33:53.8347776+01:00
50,StimOn,0,2024-04-02T15:33:54.8260608+01:00
50,PictureID,6,2024-04-02T15:33:54.8262272+01:00
50,TrialITI,1.6,2024-04-02T15:33:54.8263168+01:00
50,StimOn,1,2024-04-02T15:33:56.4523520+01:00
50,StimOn,0,2024-04-02T15:33:57.4430592+01:00
50,PictureID,5,2024-04-02T15:33:57.4432512+01:00
50,TrialITI,1.9,2024-04-02T15:33:57.4433664+01:00
50,StimOn,1,2024-04-02T15:33:59.3694208+01:00
50,StimOn,0,2024-04-02T15:34:00.3600896+01:00
50,PictureID,8,2024-04-02T15:34:00.3602688+01:00
50,TrialITI,1.7,2024-04-02T15:34:00.3603840+01:00
50,StimOn,1,2024-04-02T15:34:02.0865152+01:00
50,StimOn,0,2024-04-02T15:34:03.0770944+01:00
50,PictureID,0,2024-04-02T15:34:03.0772992+01:00
50,TrialITI,1.9,2024-04-02T15:34:03.0774016+01:00
50,StimOn,1,2024-04-02T15:34:05.0037504+01:00
50,StimOn,0,2024-04-02T15:34:05.9941120+01:00
